id_cliente,nome_cliente,email,estado,data_cadastro,status
1,Bruno Martins,cliente001@empresa.com,MG,2025-02-21,Ativo
2,Diego Santos,cliente002@empresa.com,BA,2025-07-03,Ativo
3,Karen Santos,cliente003@empresa.com,RJ,2024-05-18,Ativo
4,Samuel Dias,cliente004@empresa.com,PR,2024-06-16,Ativo
5,Patricia Teixeira,cliente005@empresa.com,MG,2025-09-03,Inativo
6,Carla Silva,cliente006@empresa.com,RS,2025-04-04,Ativo
7,Patricia Santos,cliente007@empresa.com,MG,2025-11-14,Ativo
8,Elisa Silva,,SC,2025-03-16,Inativo
9,Isabela Ferreira,cliente009@empresa.com,SP,2024-11-08,Ativo
10,Rafaela Ferreira,cliente010@empresa.com,PR,2025-09-15,Ativo
11,Ana Ramos,cliente011@empresa.com,PE,2025-03-20,Inativo
12,Rafaela Teixeira,cliente012@empresa.com,RS,2025-06-06,Ativo
13,Otavio Lima,cliente013@empresa.com, sp ,2025-05-13,Ativo
14,Fabio Dias,cliente014@empresa.com,RS,2025-07-21,Inativo
15,Patricia Oliveira,cliente015@empresa.com,GO,2025-01-31,Ativo
16,Ana Rocha,cliente016@empresa.com,ES,2024-03-31,Ativo
17,Ana Mendes,cliente017@empresa.com,PR,2025-02-19,Ativo
18,Camila Pereira,cliente018@empresa.com,GO,2025-10-07,Ativo
19,Samuel Ferreira,cliente019@empresa.com,RJ,2024-06-06,Inativo
20,Marina Barros,cliente020@empresa.com,SP,2024-01-11,Ativo
21,Olivia Rocha,cliente021@empresa.com,mg,2024-09-19,Ativo
22,Daniel Martins,cliente022@empresa.com,BA,2025-10-11,Inativo
23,Ana Souza,cliente023@empresa.com,ES,2024-03-05,Ativo
24,Eduarda Oliveira,cliente024@empresa.com,MG,2025-03-19,Ativo
25,Mateus Castro,cliente025@empresa.com,BA,2024-03-16,Inativo
26,Ana Dias,cliente026@empresa.com,SC,2025-04-28,Ativo
27,Larissa Castro,cliente027@empresa.com,RS,2025-02-28,Ativo
28,Ana Lima,cliente028@empresa.com,BA,2024-03-06,Ativo
29,Lucas Alves,cliente029@empresa.com,MG,2025-10-04,Ativo
30,Larissa Gomes,cliente030@empresa.com,BA,2025-07-04,Ativo
31,Elisa Pereira,cliente031@empresa.com,BA,2025-01-12,Ativo
32,Samuel Dias,cliente032@empresa.com,PE,2024-05-02,Ativo
33,Mateus Nunes,cliente033@empresa.com,BA,2025-03-18,Ativo
34,Felipe Costa,cliente034@empresa.com,GO,2025-11-15,Ativo
35,Lucas Barros,cliente035@empresa.com,GO,2024-11-07,Inativo
36,Mateus Silva,cliente036@empresa.com,RJ,2025-06-18,Ativo
37,Otavio Gomes,cliente037@empresa.com,PE,2025-07-23,Ativo
38,Karen Gomes,cliente038@empresa.com,MG,2025-07-12,Ativo
39,Henrique Nunes,cliente039@empresa.com,RS,2024-04-05,Ativo
40,Renato Gomes,cliente040@empresa.com,PR,2024-07-27,Ativo
41,Isabela Ramos,cliente041@empresa.com,SP,2025-05-27,Ativo
42,Gabriela Gomes,cliente042@empresa.com,PR,2024-01-18,Ativo
43,Isabela Nunes,cliente043@empresa.com,PR,2024-03-28,Ativo
44,Carla Dias,cliente044@empresa.com,PE,2025-07-04,Ativo
45,Renato Castro,cliente045@empresa.com,RJ,2025-05-10,Inativo
46,Felipe Ramos,cliente046@empresa.com,SP,2024-09-20,Inativo
47,Karen Ramos,cliente047@empresa.com,PR,2025-05-28,Ativo
48,Victor Silva,cliente048@empresa.com,ES,2025-09-15,Inativo
49,Karen Nunes,cliente049@empresa.com,MG,2024-02-23,Ativo
50,Otavio Barros,cliente050@empresa.com,RS,2025-11-16,Inativo
51,Karen Mendes,cliente051@empresa.com,PR,2025-04-04,Ativo
52,Mateus Rocha,cliente052@empresa.com,RJ,2025-01-26,Ativo
53,Natalia Teixeira,cliente053@empresa.com,BA,2025-05-27,Ativo
54,Natalia Lima,cliente054@empresa.com,PE,2025-01-20,Ativo
55,Carla Pereira,cliente055@empresa.com,MG,2024-09-28,Ativo
56,Bruno Ramos,cliente056@empresa.com,SP,2025-08-23,Inativo
57,Joao Souza,cliente057@empresa.com,GO,2025-08-10,Ativo
58,Henrique Barros,cliente058@empresa.com,SC,2025-03-25,Ativo
59,Henrique Barros,cliente059@empresa.com,PE,2025-08-11,Ativo
60,Karen Santos,cliente060@empresa.com,RJ,2024-05-06,Ativo
61,Nicolas Ferreira,cliente061@empresa.com,RJ,2025-05-03,Ativo
62,Paulo Castro,cliente062@empresa.com,RJ,2024-11-29,Ativo
63,Patricia Alves,cliente063@empresa.com,ES,2024-02-02,Inativo
64,Rafaela Araujo,cliente064@empresa.com,SC,2025-08-17,Ativo
65,Karen Ramos,cliente065@empresa.com,PR,2024-03-05,Ativo
66,Joao Lima,cliente066@empresa.com,BA,2025-01-01,Inativo
67,Bruno Araujo,cliente067@empresa.com,SP,2025-05-23,Ativo
68,Gabriela Santos,cliente068@empresa.com,SC,2025-06-21,Ativo
69,Larissa Gomes,cliente069@empresa.com,PR,2024-11-06,Inativo
70,Otavio Barros,cliente070@empresa.com,PR,2024-10-16,Ativo
71,Diego Barros,cliente071@empresa.com,ES,2025-07-12,Ativo
72,Mateus Rocha,cliente072@empresa.com,PE,2024-03-10,Inativo
73,Nicolas Barros,cliente073@empresa.com,MG,2024-03-02,Inativo
74,Larissa Teixeira,cliente074@empresa.com,PE,2024-12-31,Ativo
75,Paulo Costa,cliente075@empresa.com,PR,2024-08-04,Ativo
76,Bruno Alves,cliente076@empresa.com,PR,2024-03-16,Inativo
77,Renato Silva,cliente077@empresa.com,SP,2025-02-26,Ativo
78,Samuel Silva,cliente078@empresa.com,SP,2024-09-09,Inativo
79,Eduarda Pereira,cliente079@empresa.com,RJ,2024-11-07,Ativo
80,Joao Dias,cliente080@empresa.com,PR,2025-06-11,Ativo
11,Ana Ramos,cliente011@empresa.com,PE,2025-03-20,Inativo
