numero_nf,id_pedido,data_faturamento,forma_pagamento,valor_faturado,status_faturamento
NF000001,1,2025-12-12,Cartao,1407.41,Emitida
NF000003,3,2025-12-12,Cartao,7600.78,Emitida
NF000004,4,2025-02-02,Cartao,16256.4,Emitida
NF000005,5,2025-11-27,Boleto,13486.36,Emitida
NF000006,6,2025-07-06,Cartao,6193.1,Emitida
NF000007,7,2025-09-27,Boleto,8202.78,Emitida
NF000008,8,2025-11-28,Cartao,12164.93,Emitida
NF000009,9,2025-10-24,Cartao,7541.81,Emitida
NF000010,10,2025-05-04,Cartao,1505.28,Emitida
NF000012,12,2025-01-26,Transferencia,10477.38,Emitida
NF000013,13,2025-10-29,Boleto,9644.06,Emitida
NF000015,15,2025-08-07,PIX,3424.5,Emitida
NF000016,16,2025-07-03,PIX,1961.22,Emitida
NF000017,17,2025-08-05,Boleto,12455.89,Emitida
NF000018,18,2025-11-10,Boleto,6544.19,Emitida
NF000019,19,2025-04-28,Cartao,6429.94,Emitida
NF000020,20,2025-04-12,Cartao,16803.35,Emitida
NF000021,21,2025-02-02,Cartao,23868.35,Emitida
NF000022,22,2025-03-29,Boleto,13383.22,Emitida
NF000024,24,2025-06-23,Cartao,8479.98,Emitida
NF000025,25,2025-02-20,Cartao,1489.34,Emitida
NF000026,26,2025-08-22,Transferencia,8462.92,Emitida
NF000027,27,2025-11-07,PIX,12469.31,Emitida
NF000028,28,2025-02-19,Cartao,21351.72,Emitida
NF000029,29,2025-11-16,PIX,3723.35,Emitida
NF000030,30,2025-04-08,Boleto,5613.94,Emitida
NF000033,33,2025-12-13,Transferencia,4624.04,Emitida
NF000035,35,2025-01-15,Transferencia,2714.12,Emitida
NF000037,37,2025-05-26,PIX,2761.5,Emitida
NF000038,38,2025-11-18,Transferencia,1837.68,Emitida
NF000041,41,2025-02-10,Boleto,19272.85,Emitida
NF000042,42,2025-11-27,Transferencia,4526.06,Emitida
NF000043,43,2025-07-09,Cartao,7364.5,Emitida
NF000044,44,2025-11-12,Transferencia,15757.11,Emitida
NF000046,46,2025-01-22,Cartao,12035.53,Emitida
NF000047,47,2025-05-13,Cartao,1796.94,Emitida
NF000048,48,2025-12-22,Cartao,19075.57,Emitida
NF000049,49,2025-05-08,Boleto,539.84,Emitida
NF000050,50,2025-07-08,Cartao,1906.52,Emitida
NF000051,51,2025-07-09,Boleto,5260.76,Emitida
NF000052,52,2025-03-20,Cartao,15976.51,Emitida
NF000053,53,2025-08-26,Transferencia,17845.4,Emitida
NF000054,54,2025-05-08,Transferencia,17304.34,Emitida
NF000055,55,2025-12-19,Boleto,19903.2,Emitida
NF000056,56,2025-02-11,Boleto,13741.08,Emitida
NF000057,57,2025-03-09,Cartao,4795.76,Emitida
NF000058,58,2025-08-13,PIX,1079.68,Emitida
NF000060,60,2025-09-26,Boleto,10270.92,Emitida
NF000061,61,2025-09-19,Boleto,10028.92,Emitida
NF000062,62,2025-03-17,Transferencia,6339.82,Emitida
NF000063,63,2025-04-25,PIX,12444.07,Emitida
NF000064,64,2025-01-05,Boleto,3090.77,Emitida
NF000065,65,2025-08-29,PIX,886.94,Emitida
NF000066,66,2025-12-28,Boleto,4482.13,Emitida
NF000067,67,2025-10-20,Transferencia,12568.82,Emitida
NF000069,69,2025-11-15,Boleto,847.4,Emitida
NF000071,71,2025-06-18,Boleto,6571.03,Emitida
NF000073,73,2025-05-31,Boleto,2971.05,Emitida
NF000074,74,2025-02-10,PIX,9601.92,Emitida
NF000075,75,2025-11-29,PIX,11251.25,Emitida
NF000076,76,2025-03-15,Cartao,10260.04,Emitida
NF000077,77,2025-12-15,PIX,1494.05,Emitida
NF000079,79,2025-07-26,Transferencia,12834.75,Emitida
NF000080,80,2025-06-19,PIX,21354.51,Emitida
NF000081,81,2025-04-08,PIX,11840.82,Emitida
NF000082,82,2025-05-23,Transferencia,4790.88,Emitida
NF000083,83,2025-06-22,Boleto,3766.29,Emitida
NF000085,85,2025-12-11,Boleto,3339.63,Emitida
NF000087,87,2025-02-07,Boleto,6103.2,Emitida
NF000089,89,2025-11-26,Transferencia,12056.61,Emitida
NF000090,90,2025-12-18,Cartao,1298.15,Emitida
NF000091,91,2025-12-30,Boleto,14092.32,Emitida
NF000092,92,2025-01-18,Cartao,8816.94,Emitida
NF000093,93,2025-08-19,Boleto,6603.25,Emitida
NF000095,95,2025-11-01,Boleto,6972.37,Emitida
NF000097,97,2025-10-10,Boleto,7193.48,Emitida
NF000099,99,2025-11-06,Transferencia,3510.25,Emitida
NF000100,100,2025-04-28,Boleto,15036.2,Emitida
NF000101,101,2025-03-17,Boleto,2053.86,Emitida
NF000102,102,2025-07-27,Cartao,8793.73,Emitida
NF000103,103,2026-01-02,Transferencia,21095.34,Emitida
NF000104,104,2025-02-06,Cartao,4244.92,Emitida
NF000105,105,2025-11-08,PIX,4322.74,Emitida
NF000106,106,2025-07-09,Boleto,1849.41,Emitida
NF000107,107,2025-03-03,Transferencia,410.4,Emitida
NF000108,108,2025-08-28,PIX,1349.6,Emitida
NF000109,109,2025-03-15,Transferencia,11557.94,Emitida
NF000110,110,2025-06-12,Cartao,19668.22,Emitida
NF000111,111,2025-09-06,PIX,7611.01,Emitida
NF000112,112,2025-10-27,Boleto,324.67,Emitida
NF000114,114,2025-09-14,Cartao,9639.1,Emitida
NF000116,116,2025-08-18,Boleto,4812.57,Emitida
NF000117,117,2025-11-08,Boleto,2116.41,Emitida
NF000118,118,2025-02-02,Cartao,2203.59,Emitida
NF000119,119,2025-02-02,Boleto,13155.38,Emitida
NF000120,120,2025-01-24,Boleto,17374.08,Emitida
NF000122,122,2025-08-10,Cartao,3316.54,Emitida
NF000124,124,2025-01-19,Transferencia,925.89,Emitida
NF000125,125,2025-08-05,Cartao,15443.72,Emitida
NF000126,126,2025-05-07,Cartao,12314.35,Emitida
NF000129,129,2025-09-17,PIX,17874.39,Emitida
NF000130,130,2025-03-31,Transferencia,3536.84,Emitida
NF000131,131,2025-04-24,Boleto,412.83,Emitida
NF000132,132,2025-09-12,PIX,12841.33,Emitida
NF000134,134,2025-12-03,Cartao,17485.52,Emitida
NF000135,135,2025-08-29,Transferencia,4180.64,Emitida
NF000136,136,2025-05-25,Transferencia,13659.62,Emitida
NF000138,138,2025-07-25,PIX,14054.22,Emitida
NF000139,139,2025-03-21,Transferencia,1214.64,Emitida
NF000141,141,2025-09-22,Boleto,7240.86,Emitida
NF000142,142,2025-12-10,PIX,3083.0,Emitida
NF000144,144,2025-05-02,PIX,12264.18,Emitida
NF000145,145,2025-12-08,PIX,4784.34,Emitida
NF000147,147,2025-01-18,Transferencia,1440.91,Emitida
NF000148,148,2025-12-03,Cartao,8397.75,Emitida
NF000150,150,2025-01-09,PIX,5329.87,Emitida
NF000151,151,2025-03-04,Transferencia,7829.61,Emitida
NF000152,152,2025-12-04,Boleto,5577.28,Emitida
NF000153,153,2025-12-24,PIX,1310.77,Emitida
NF000154,154,2025-06-15,Transferencia,1353.77,Emitida
NF000155,155,2025-03-31,PIX,6329.69,Emitida
NF000156,156,2025-04-12,Boleto,8671.68,Emitida
NF000157,157,2025-08-29,Boleto,8788.5,Emitida
NF000158,158,2025-04-03,Boleto,12819.84,Emitida
NF000159,159,2025-09-13,PIX,8123.07,Emitida
NF000160,160,2025-07-22,PIX,5684.04,Emitida
NF000161,161,2025-10-26,PIX,13038.71,Emitida
NF000162,162,2025-03-26,Transferencia,5018.54,Emitida
NF000163,163,2025-02-08,PIX,6941.11,Emitida
NF000165,165,2025-04-20,Transferencia,20664.84,Emitida
NF000166,166,2025-04-12,Transferencia,11264.22,Emitida
NF000168,168,2025-08-24,Boleto,3976.18,Emitida
NF000169,169,2025-04-24,Cartao,11541.01,Emitida
NF000170,170,2025-06-07,Transferencia,19734.49,Emitida
NF000171,171,2025-08-08,PIX,4171.97,Emitida
NF000173,173,2025-04-05,Cartao,200.62,Emitida
NF000174,174,2025-01-05,PIX,6500.86,Emitida
NF000175,175,2025-12-04,Cartao,211.85,Emitida
NF000179,179,2025-11-30,Cartao,24401.37,Emitida
NF000180,180,2025-06-11,Boleto,7450.44,Emitida
NF000181,181,2025-04-23,Boleto,2371.1,Emitida
NF000182,182,2025-09-20,PIX,10723.69,Emitida
NF000183,183,2025-10-05,Cartao,4952.97,Emitida
NF000184,184,2025-09-02,PIX,25093.63,Emitida
NF000185,185,2025-02-24,Cartao,20616.66,Emitida
NF000187,187,2025-10-11,Transferencia,11273.56,Emitida
NF000189,189,2025-07-22,Boleto,11466.12,Emitida
NF000190,190,2025-10-05,Boleto,13588.13,Emitida
NF000192,192,2025-04-13,PIX,5939.09,Emitida
NF000193,193,2025-03-21,Transferencia,9685.44,Emitida
NF000194,194,2025-11-23,Boleto,1214.64,Emitida
NF000196,196,2025-02-22,Transferencia,8986.25,Emitida
NF000197,197,2025-03-13,Cartao,3312.1,Emitida
NF000198,198,2025-04-11,Boleto,4264.69,Emitida
NF000199,199,2025-01-06,Transferencia,14612.98,Emitida
NF000200,200,2025-09-03,PIX,8606.42,Emitida
NF000201,201,2025-09-27,Cartao,24285.11,Emitida
NF000202,202,2025-03-05,Transferencia,6269.86,Emitida
NF000203,203,2025-10-13,Transferencia,9743.9,Emitida
NF000206,206,2025-03-08,PIX,740.97,Emitida
NF000207,207,2025-05-30,PIX,2358.61,Emitida
NF000208,208,2025-02-07,Boleto,14748.37,Emitida
NF000209,209,2025-10-17,PIX,304.5,Emitida
NF000212,212,2025-03-12,PIX,4865.7,Emitida
NF000213,213,2025-03-28,Cartao,25639.13,Emitida
NF000214,214,2025-04-23,Transferencia,8792.06,Emitida
NF000215,215,2025-04-01,PIX,9835.05,Emitida
NF000216,216,2025-07-12,Cartao,2660.82,Emitida
NF000217,217,2025-09-28,Cartao,14501.96,Emitida
NF000218,218,2025-04-10,Boleto,2222.91,Emitida
NF000220,220,2025-09-14,PIX,2616.33,Emitida
NF000224,224,2025-07-04,Cartao,12666.08,Emitida
NF000225,225,2025-05-03,Transferencia,9324.04,Emitida
NF000227,227,2025-03-01,Boleto,16220.0,Emitida
NF000228,228,2025-06-28,Transferencia,2767.94,Emitida
NF000229,229,2025-02-08,Cartao,5009.44,Emitida
NF000232,232,2025-11-30,PIX,11295.88,Emitida
NF000233,233,2025-05-16,Cartao,1866.22,Emitida
NF000234,234,2025-10-21,Boleto,15801.49,Emitida
NF000235,235,2025-03-16,Boleto,1145.43,Emitida
NF000236,236,2025-11-20,Transferencia,11772.52,Emitida
NF000238,238,2025-05-30,Transferencia,12733.64,Emitida
NF000239,239,2025-10-28,Transferencia,1651.32,Emitida
NF000240,240,2025-04-27,Transferencia,4076.9,Emitida
NF000241,241,2025-03-29,Cartao,5699.72,Emitida
NF000242,242,2025-11-07,PIX,24605.75,Emitida
NF000243,243,2025-06-02,Boleto,180.07,Emitida
NF000244,244,2025-07-17,Cartao,5023.24,Emitida
NF000245,245,2025-04-05,PIX,13863.91,Emitida
NF000246,246,2025-03-29,Transferencia,8156.16,Emitida
NF000247,247,2025-03-04,Transferencia,13007.2,Emitida
NF000248,248,2025-08-23,Cartao,17175.15,Emitida
NF000249,249,2025-09-23,Cartao,6717.08,Emitida
NF000250,250,2025-05-03,PIX,11544.47,Emitida
NF000251,251,2025-10-15,Cartao,18549.27,Emitida
NF000252,252,2025-11-24,PIX,20105.97,Emitida
NF000253,253,2025-08-27,Transferencia,22273.54,Emitida
NF000254,254,2025-12-09,Cartao,9620.55,Emitida
NF000255,255,2025-03-10,Boleto,14401.12,Emitida
NF000256,256,2025-03-26,PIX,5576.88,Emitida
NF000257,257,2025-02-19,PIX,3608.18,Emitida
NF000258,258,2025-03-26,PIX,5513.09,Emitida
NF000259,259,2025-04-01,PIX,13854.19,Emitida
NF000260,260,2025-09-25,PIX,9162.03,Emitida
NF000262,262,2025-10-27,Cartao,22760.16,Emitida
NF000264,264,2025-06-05,Transferencia,6233.59,Emitida
NF000265,265,2025-04-25,Boleto,28651.83,Emitida
NF000266,266,2025-02-10,Boleto,6797.31,Emitida
NF000267,267,2025-04-09,Boleto,1059.25,Emitida
NF000268,268,2025-03-18,PIX,11002.17,Emitida
NF000269,269,2025-03-25,Transferencia,14230.74,Emitida
NF000272,272,2025-12-14,Transferencia,2259.82,Emitida
NF000273,273,2025-03-17,PIX,1114.55,Emitida
NF000274,274,2025-12-19,Transferencia,4361.86,Emitida
NF000275,275,2025-09-05,Transferencia,7954.54,Emitida
NF000276,276,2025-01-11,Boleto,6911.71,Emitida
NF000277,277,2025-09-05,Cartao,3145.35,Emitida
NF000278,278,2025-04-15,Cartao,19951.79,Emitida
NF000279,279,2025-06-30,PIX,19677.18,Emitida
NF000280,280,2025-05-21,PIX,2238.9,Emitida
NF000281,281,2025-01-01,Boleto,891.64,Emitida
NF000282,282,2025-02-01,PIX,4758.08,Emitida
NF000284,284,2025-04-04,PIX,8095.51,Emitida
NF000285,285,2025-09-12,Boleto,123.86,Emitida
NF000286,286,2025-01-20,Boleto,6412.49,Emitida
NF000287,287,2025-05-17,PIX,22198.6,Emitida
NF000288,288,2025-09-01,Cartao,8717.78,Emitida
NF000290,290,2025-03-22,Boleto,4482.08,Emitida
NF000291,291,2025-11-27,Transferencia,7302.64,Emitida
NF000292,292,2025-12-10,Transferencia,14178.79,Emitida
NF000293,293,2025-02-22,Boleto,11406.77,Emitida
NF000294,294,2025-11-06,Boleto,205.2,Emitida
NF000295,295,2025-02-12,Boleto,11794.29,Emitida
NF000298,298,2025-04-05,PIX,17978.83,Emitida
NF000299,299,2025-07-21,Cartao,4387.59,Emitida
NF000300,300,2025-01-15,Transferencia,23992.43,Emitida
NF000301,301,2025-08-03,Transferencia,847.4,Emitida
NF000303,303,2025-12-28,Transferencia,3547.76,Emitida
NF000304,304,2025-01-08,Boleto,1088.16,Emitida
NF000305,305,2025-05-08,PIX,8620.74,Emitida
NF000306,306,2025-10-24,Boleto,492.19,Emitida
NF000307,307,2025-09-15,Boleto,17071.1,Emitida
NF000308,308,2025-07-22,PIX,2820.07,Emitida
NF000309,309,2025-12-19,Cartao,14728.82,Emitida
NF000310,310,2025-08-05,PIX,4434.7,Emitida
NF000312,312,2025-02-02,Transferencia,14299.02,Emitida
NF000313,313,2025-04-21,Cartao,7808.52,Emitida
NF000314,314,2025-08-18,Boleto,5153.82,Emitida
NF000316,316,2025-08-07,Cartao,16735.41,Emitida
NF000317,317,2025-09-19,PIX,1874.9,Emitida
NF000318,318,2025-06-22,Cartao,17792.95,Emitida
NF000319,319,2025-06-01,Transferencia,5347.49,Emitida
NF000320,320,2025-08-15,Transferencia,1242.98,Emitida
NF000321,321,2025-02-06,Boleto,2946.81,Emitida
NF000323,323,2025-01-23,PIX,2599.18,Emitida
NF000324,324,2025-12-15,Cartao,879.6,Emitida
NF000325,325,2025-09-29,Cartao,5877.46,Emitida
NF000326,326,2025-03-24,Transferencia,12075.42,Emitida
NF000328,328,2025-06-26,PIX,1961.22,Emitida
NF000329,329,2025-10-04,PIX,11737.17,Emitida
NF000330,330,2025-11-12,Boleto,12154.68,Emitida
NF000331,331,2025-08-30,PIX,10989.2,Emitida
NF000332,332,2025-03-25,Transferencia,15342.85,Emitida
NF000333,333,2025-04-16,PIX,5955.5,Emitida
NF000334,334,2025-09-23,Cartao,568.55,Emitida
NF000335,335,2025-05-25,Boleto,10293.77,Emitida
NF000336,336,2025-03-23,Cartao,14392.31,Emitida
NF000337,337,2025-10-28,PIX,6426.39,Emitida
NF000338,338,2025-05-05,PIX,2558.55,Emitida
NF000339,339,2025-12-15,PIX,3004.77,Emitida
NF000340,340,2025-08-16,PIX,19064.82,Emitida
NF000341,341,2025-12-19,Cartao,12887.18,Emitida
NF000342,342,2025-06-16,Boleto,865.78,Emitida
NF000343,343,2025-06-13,Cartao,3562.55,Emitida
NF000344,344,2025-10-22,Boleto,4700.61,Emitida
NF000346,346,2025-05-10,Cartao,19217.89,Emitida
NF000348,348,2025-06-03,Cartao,4369.81,Emitida
NF000349,349,2025-01-03,PIX,9357.28,Emitida
NF000352,352,2025-01-17,Boleto,19772.29,Emitida
NF000354,354,2026-01-02,PIX,11116.45,Emitida
NF000356,356,2025-02-01,PIX,16361.92,Emitida
NF000357,357,2025-08-20,Boleto,7545.09,Emitida
NF000361,361,2025-02-28,Transferencia,16689.66,Emitida
NF000363,363,2025-12-25,Boleto,2115.73,Emitida
NF000364,364,2026-01-01,Boleto,16782.53,Emitida
NF000366,366,2025-02-10,PIX,18552.72,Emitida
NF000368,368,2025-07-03,Transferencia,7419.61,Emitida
NF000370,370,2025-05-06,Cartao,5651.47,Emitida
NF000371,371,2025-04-28,Transferencia,13401.14,Emitida
NF000372,372,2025-06-14,Transferencia,1023.39,Emitida
NF000373,373,2025-11-05,Transferencia,629.82,Emitida
NF000374,374,2025-01-15,Boleto,6955.3,Emitida
NF000375,375,2025-08-30,Transferencia,1991.18,Emitida
NF000376,376,2025-03-02,Transferencia,16703.51,Emitida
NF000380,380,2025-06-02,PIX,1607.07,Emitida
NF000381,381,2025-02-25,Boleto,5313.6,Emitida
NF000382,382,2025-07-12,Transferencia,5052.26,Emitida
NF000384,384,2025-09-14,Boleto,17040.68,Emitida
NF000385,385,2025-05-12,Transferencia,1147.16,Emitida
NF000386,386,2025-06-18,Transferencia,10914.25,Emitida
NF000387,387,2025-09-27,PIX,16799.16,Emitida
NF000388,388,2025-09-01,PIX,4173.26,Emitida
NF000389,389,2025-07-02,Cartao,415.64,Emitida
NF000390,390,2025-10-23,Transferencia,16180.99,Emitida
NF000391,391,2025-11-25,Transferencia,15057.72,Emitida
NF000393,393,2025-01-31,Transferencia,18714.35,Emitida
NF000394,394,2025-10-20,PIX,9992.57,Emitida
NF000396,396,2025-04-29,Transferencia,924.71,Emitida
NF000397,397,2025-05-04,Transferencia,9532.6,Emitida
NF000398,398,2025-01-04,Cartao,2410.51,Emitida
NF000399,399,2025-01-06,Transferencia,524.59,Emitida
NF000400,400,2025-11-23,Cartao,13086.83,Emitida
NF000401,401,2026-01-01,Cartao,4289.67,Emitida
NF000402,402,2025-05-30,Cartao,24759.39,Emitida
NF000405,405,2025-09-25,PIX,1607.79,Emitida
NF000406,406,2025-03-10,PIX,5318.44,Emitida
NF000407,407,2025-04-23,PIX,4407.91,Emitida
NF000408,408,2025-05-02,Boleto,14520.88,Emitida
NF000409,409,2025-05-22,Cartao,14255.78,Emitida
NF000410,410,2025-01-10,Cartao,5478.81,Emitida
NF000411,411,2025-08-03,Boleto,14580.83,Emitida
NF000412,412,2025-01-21,Cartao,11464.75,Emitida
NF000413,413,2025-12-06,Transferencia,12283.51,Emitida
NF000415,415,2025-12-21,Cartao,3645.53,Emitida
NF000416,416,2025-05-01,Transferencia,6337.8,Emitida
NF000417,417,2025-06-02,Cartao,7267.76,Emitida
NF000418,418,2025-07-09,Cartao,8039.77,Emitida
NF000420,420,2025-03-12,Transferencia,9630.75,Emitida
NF000421,421,2025-10-01,Transferencia,3256.42,Emitida
NF000423,423,2025-03-21,PIX,13242.43,Emitida
NF000424,424,2025-11-23,Cartao,2412.82,Emitida
NF000426,426,2025-06-22,Boleto,18473.56,Emitida
NF000428,428,2025-08-14,Boleto,14435.01,Emitida
NF000429,429,2025-05-10,Transferencia,8153.8,Emitida
NF000430,430,2025-10-27,PIX,6878.85,Emitida
NF000431,431,2025-09-18,Cartao,2115.73,Emitida
NF000432,432,2025-03-31,Cartao,1757.7,Emitida
NF000433,433,2025-07-30,Transferencia,9830.24,Emitida
NF000434,434,2025-07-18,Transferencia,6939.36,Emitida
NF000435,435,2025-10-16,PIX,2301.67,Emitida
NF000436,436,2025-02-08,Cartao,707.44,Emitida
NF000438,438,2025-06-15,PIX,14956.31,Emitida
NF000439,439,2025-04-13,Cartao,13073.87,Emitida
NF000440,440,2025-06-22,PIX,18224.92,Emitida
NF000441,441,2025-12-19,Cartao,5624.64,Emitida
NF000442,442,2025-01-21,PIX,3198.34,Emitida
NF000443,443,2025-04-08,Boleto,1964.91,Emitida
NF000444,444,2025-02-20,Boleto,3143.06,Emitida
NF000445,445,2025-09-07,Transferencia,8743.47,Emitida
NF000446,446,2025-01-20,Cartao,18412.54,Emitida
NF000447,447,2025-12-21,Transferencia,15791.58,Emitida
NF000448,448,2025-07-13,PIX,4558.28,Emitida
NF000449,449,2025-11-12,Cartao,14837.63,Emitida
NF000450,450,2025-10-16,Boleto,8599.12,Emitida
NF000451,451,2025-10-11,Boleto,19094.09,Emitida
NF000452,452,2025-07-02,Transferencia,2726.16,Emitida
NF000453,453,2025-10-13,PIX,1713.65,Emitida
NF000456,456,2025-04-13,PIX,8346.53,Emitida
NF000457,457,2025-05-21,PIX,11417.46,Emitida
NF000458,458,2025-11-23,PIX,9301.09,Emitida
NF000459,459,2025-10-17,Boleto,3349.16,Emitida
NF000460,460,2025-04-08,Boleto,3564.17,Emitida
NF000461,461,2025-10-15,Boleto,5793.09,Emitida
NF000463,463,2025-08-03,PIX,14025.89,Emitida
NF000464,464,2025-04-18,Boleto,17805.48,Emitida
NF000465,465,2025-05-04,PIX,15808.78,Emitida
NF000466,466,2025-10-30,Transferencia,17265.63,Emitida
NF000468,468,2025-04-06,Transferencia,19830.68,Emitida
NF000469,469,2025-08-27,PIX,11860.29,Emitida
NF000471,471,2025-09-08,PIX,15167.13,Emitida
NF000472,472,2025-11-25,PIX,13516.59,Emitida
NF000474,474,2025-10-05,Transferencia,9266.7,Emitida
NF000475,475,2025-11-24,PIX,1425.02,Emitida
NF000476,476,2025-11-09,PIX,19592.67,Emitida
NF000478,478,2025-05-28,PIX,15349.13,Emitida
NF000479,479,2025-12-19,Transferencia,8381.55,Emitida
NF000480,480,2025-05-03,Transferencia,17085.08,Emitida
NF000481,481,2025-04-15,Boleto,1567.22,Emitida
NF000482,482,2025-03-11,Cartao,6216.22,Emitida
NF000483,483,2025-01-15,PIX,19308.27,Emitida
NF000485,485,2025-09-22,Cartao,17482.37,Emitida
NF000487,487,2025-04-18,Cartao,4903.05,Emitida
NF000488,488,2025-06-04,Boleto,23748.73,Emitida
NF000489,489,2025-04-09,Cartao,15131.69,Emitida
NF000490,490,2025-10-25,Transferencia,13385.06,Emitida
NF000491,491,2025-10-22,Boleto,3041.47,Emitida
NF000492,492,2025-07-05,Boleto,2464.98,Emitida
NF000494,494,2025-02-08,Transferencia,997.64,Emitida
NF000496,496,2025-10-23,Transferencia,5849.32,Emitida
NF000497,497,2025-01-09,Boleto,269.92,Emitida
NF000499,499,2025-09-03,PIX,924.71,Emitida
NF000500,500,2025-03-19,Transferencia,17321.16,Emitida
