id_item,id_pedido,id_produto,quantidade,preco_unitario,desconto_percentual,valor_bruto,valor_desconto,valor_liquido,custo_unitario
1,1,16,1,269.92,0.2,269.92,53.98,215.94,216.38
2,1,27,2,744.67,0.2,1489.34,297.87,1191.47,524.27
3,2,5,1,381.81,0.0,381.81,0.0,381.81,270.22
4,2,37,4,740.97,0.0,2963.88,0.0,2963.88,530.68
5,2,37,1,740.97,0.15,740.97,111.15,629.82,530.68
6,3,36,3,1462.33,0.0,4386.99,0.0,4386.99,1205.89
7,3,10,3,308.63,0.0,925.89,0.0,925.89,259.11
8,3,13,4,211.85,0.0,847.4,0.0,847.4,179.14
9,3,32,1,712.51,0.05,712.51,35.63,676.88,501.4
10,3,5,2,381.81,0.0,763.62,0.0,763.62,270.22
11,4,35,3,1255.81,0.0,3767.43,0.0,3767.43,944.57
12,4,14,1,1542.08,0.05,1542.08,77.1,1464.98,1211.09
13,4,3,5,1741.35,0.0,8706.75,0.0,8706.75,1409.31
14,4,2,2,1363.08,0.15,2726.16,408.92,2317.24,1075.23
15,5,40,4,2115.73,0.0,8462.92,0.0,8462.92,1510.42
16,5,12,4,568.55,0.10,2274.2,113.71,2160.49,438.54
17,5,7,1,241.41,0.0,241.41,0.0,241.41,194.82
18,5,14,2,1542.08,0.15,3084.16,462.62,2621.54,1211.09
19,6,35,5,1255.81,0.2,6279.05,1255.81,5023.24,944.57
20,6,36,1,1462.33,0.2,1462.33,292.47,1169.86,1205.89
21,7,36,4,1462.33,0.0,5849.32,0.0,5849.32,1205.89
22,7,24,3,980.61,0.2,2941.83,588.37,2353.46,811.6
23,8,22,2,1087.89,0.0,2175.78,0.0,2175.78,921.33
24,8,3,3,1741.35,0.0,5224.05,0.0,5224.05,1409.31
25,8,38,1,997.64,0.05,997.64,49.88,947.76,802.32
26,8,24,4,980.61,0.15,3922.44,588.37,3334.07,811.6
27,8,12,1,568.55,0.15,568.55,85.28,483.27,438.54
28,9,34,-1,324.74,0.15,649.48,97.42,552.06,251.56
29,9,34,4,324.74,0.0,1298.96,0.0,1298.96,251.56
30,9,21,5,813.36,0.15,4066.8,610.02,3456.78,577.98
31,9,27,3,744.67,0.0,2234.01,0.0,2234.01,524.27
32,10,24,1,980.61,0.0,980.61,0.0,980.61,811.6
33,10,10,2,308.63,0.15,617.26,92.59,524.67,259.11
34,11,1,4,2039.04,0.0,8156.16,0.0,8156.16,1687.18
35,11,18,3,2383.15,0.15,7149.45,1072.42,6077.03,1650.77
36,11,33,4,945.76,0.0,3783.04,0.0,3783.04,662.78
37,11,5,4,381.81,0.15,1527.24,229.09,1298.15,270.22
38,11,31,4,360.74,0.0,1442.96,0.0,1442.96,262.76
39,12,29,4,1964.91,0.0,7859.64,0.0,7859.64,1380.58
40,12,8,1,2292.95,0.15,2292.95,343.94,1949.01,1687.79
41,12,23,3,222.91,0.0,668.73,0.0,668.73,162.2
42,13,13,4,211.85,0.05,847.4,42.37,805.03,179.14
43,13,1,3,2039.04,0.15,6117.12,917.57,5199.55,1687.18
44,13,9,3,145.72,0.0,437.16,0.0,437.16,120.34
45,13,35,3,1255.81,0.15,3767.43,565.11,3202.32,944.57
46,14,39,4,2038.45,0.1,8153.8,815.38,7338.42,1513.08
47,15,23,2,222.91,0.0,445.82,0.0,445.82,162.2
48,15,27,4,744.67,0.0,2978.68,0.0,2978.68,524.27
49,16,24,2,980.61,0.0,1961.22,0.0,1961.22,811.6
50,17,3,4,1741.35,0.0,6965.4,0.0,6965.4,1409.31
51,17,7,3,241.41,0.1,724.23,72.42,651.81,194.82
52,17,26,4,492.19,0.2,1968.76,393.75,1575.01,385.51
53,17,22,3,1087.89,0.0,3263.67,0.0,3263.67,921.33
54,18,3,2,1741.35,0.2,3482.7,696.54,2786.16,1409.31
55,18,19,3,825.94,0.15,2477.82,371.67,2106.15,679.69
56,18,19,2,825.94,0.0,1651.88,0.0,1651.88,679.69
57,19,14,3,1542.08,0.0,4626.24,0.0,4626.24,1211.09
58,19,31,5,360.74,0.0,1803.7,0.0,1803.7,262.76
59,20,18,4,2383.15,0.15,9532.6,1429.89,8102.71,1650.77
60,20,19,1,825.94,0.15,825.94,123.89,702.05,679.69
61,20,26,4,492.19,0.0,1968.76,0.0,1968.76,385.51
62,20,40,3,2115.73,0.05,6347.19,317.36,6029.83,1510.42
63,21,18,5,2383.15,0.0,11915.75,0.0,11915.75,1650.77
64,21,19,2,825.94,0.1,1651.88,165.19,1486.69,679.69
65,21,16,4,269.92,0.2,1079.68,215.94,863.74,216.38
66,21,6,5,1713.65,0.05,8568.25,428.41,8139.84,1424.12
67,21,36,1,1462.33,0.0,1462.33,0.0,1462.33,1205.89
68,22,27,2,744.67,0.0,1489.34,0.0,1489.34,524.27
69,22,30,3,1801.14,0.1,5403.42,540.34,4863.08,1408.58
70,22,15,5,1757.7,0.2,8788.5,1757.7,7030.8,1470.08
71,23,40,4,2115.73,0.0,8462.92,0.0,8462.92,1510.42
72,23,12,2,568.55,0.2,1137.1,227.42,909.68,438.54
73,24,3,3,1741.35,0.0,5224.05,0.0,5224.05,1409.31
74,24,6,2,1713.65,0.05,3427.3,171.37,3255.93,1424.12
75,25,27,2,744.67,0.0,1489.34,0.0,1489.34,524.27
76,26,40,4,2115.73,0.0,8462.92,0.0,8462.92,1510.42
77,27,29,5,1964.91,0.0,9824.55,0.0,9824.55,1380.58
78,27,38,2,997.64,0.0,1995.28,0.0,1995.28,802.32
79,27,34,2,324.74,0.0,649.48,0.0,649.48,251.56
80,28,15,5,1757.7,0.15,8788.5,1318.27,7470.23,1470.08
81,28,15,5,1757.7,0.05,8788.5,439.43,8349.07,1470.08
82,28,5,3,381.81,0.0,1145.43,0.0,1145.43,270.22
83,28,36,3,1462.33,0.0,4386.99,0.0,4386.99,1205.89
84,29,27,5,744.67,0.0,3723.35,0.0,3723.35,524.27
85,30,7,4,241.41,0.15,965.64,144.85,820.79,194.82
86,30,2,2,1363.08,0.0,2726.16,0.0,2726.16,1075.23
87,30,22,2,1087.89,0.05,2175.78,108.79,2066.99,921.33
88,31,23,3,222.91,0.0,668.73,0.0,668.73,162.2
89,31,37,5,740.97,0.0,3704.85,0.0,3704.85,530.68
90,32,25,2,995.59,0.0,1991.18,0.0,1991.18,730.35
91,32,16,2,269.92,0.15,539.84,80.98,458.86,216.38
92,32,22,2,1087.89,0.15,2175.78,326.37,1849.41,921.33
93,32,29,2,1964.91,0.2,3929.82,785.96,3143.86,1380.58
94,33,37,3,740.97,0.2,2222.91,444.58,1778.33,530.68
95,33,26,5,492.19,0.15,2460.95,369.14,2091.81,385.51
96,33,28,1,886.94,0.15,886.94,133.04,753.9,709.38
97,34,29,5,1964.91,0.0,9824.55,0.0,9824.55,1380.58
98,34,1,4,2039.04,0.0,8156.16,0.0,8156.16,1687.18
99,34,30,1,1801.14,0.0,1801.14,0.0,1801.14,1408.58
100,35,16,5,269.92,0.0,1349.6,0.0,1349.6,216.38
101,35,12,3,568.55,0.2,1705.65,341.13,1364.52,438.54
102,36,9,1,145.72,0.0,145.72,0.0,145.72,120.34
103,36,29,3,1964.91,0.0,5894.73,0.0,5894.73,1380.58
104,36,24,2,980.61,0.05,1961.22,98.06,1863.16,811.6
105,37,10,4,308.63,0.2,1234.52,246.9,987.62,259.11
106,37,28,2,886.94,0.0,1773.88,0.0,1773.88,709.38
107,38,15,1,1757.7,0.15,1757.7,263.65,1494.05,1470.08
108,38,5,1,381.81,0.1,381.81,38.18,343.63,270.22
109,39,34,5,324.74,0.0,1623.7,0.0,1623.7,251.56
110,39,13,1,211.85,0.15,211.85,31.78,180.07,179.14
111,40,31,3,360.74,0.0,1082.22,0.0,1082.22,262.76
112,40,35,4,1255.81,0.0,5023.24,0.0,5023.24,944.57
113,40,9,2,145.72,0.0,291.44,0.0,291.44,120.34
114,41,4,1,412.83,0.0,412.83,0.0,412.83,340.04
115,41,40,5,2115.73,0.0,10578.65,0.0,10578.65,1510.42
116,41,40,4,2115.73,0.15,8462.92,1269.44,7193.48,1510.42
117,41,22,1,1087.89,0.0,1087.89,0.0,1087.89,921.33
118,42,38,3,997.64,0.0,2992.92,0.0,2992.92,802.32
119,42,31,5,360.74,0.15,1803.7,270.56,1533.14,262.76
120,43,5,2,381.81,0.0,763.62,0.0,763.62,270.22
121,43,28,1,886.94,0.15,886.94,133.04,753.9,709.38
122,43,24,4,980.61,0.15,3922.44,588.37,3334.07,811.6
123,43,32,2,712.51,0.0,1425.02,0.0,1425.02,501.4
124,43,22,1,1087.89,0.0,1087.89,0.0,1087.89,921.33
125,44,33,4,945.76,0.05,3783.04,189.15,3593.89,662.78
126,44,13,1,211.85,0.0,211.85,0.0,211.85,179.14
127,44,38,5,997.64,0.0,4988.2,0.0,4988.2,802.32
128,44,11,2,2412.82,0.0,4825.64,0.0,4825.64,1721.82
129,44,32,3,712.51,0.0,2137.53,0.0,2137.53,501.4
130,45,12,5,568.55,0.05,2842.75,142.14,2700.61,438.54
131,45,12,3,568.55,0.0,1705.65,0.0,1705.65,438.54
132,45,23,5,222.91,0.15,1114.55,167.18,947.37,162.2
133,45,38,5,997.64,0.15,4988.2,748.23,4239.97,802.32
134,46,8,1,2292.95,0.05,2292.95,114.65,2178.3,1687.79
135,46,2,5,1363.08,0.15,6815.4,1022.31,5793.09,1075.23
136,46,4,4,412.83,0.0,1651.32,0.0,1651.32,340.04
137,46,11,1,2412.82,0.0,2412.82,0.0,2412.82,1721.82
138,47,33,2,945.76,0.05,1891.52,94.58,1796.94,662.78
139,48,16,1,269.92,0.05,269.92,13.5,256.42,216.38
140,48,7,4,241.41,0.0,965.64,0.0,965.64,194.82
141,48,23,1,222.91,0.0,222.91,0.0,222.91,162.2
142,48,29,5,1964.91,0.1,9824.55,982.45,8842.1,1380.58
143,48,15,5,1757.7,0.0,8788.5,0.0,8788.5,1470.08
144,49,16,2,269.92,0.0,539.84,0.0,539.84,216.38
145,50,18,1,2383.15,0.2,2383.15,476.63,1906.52,1650.77
146,51,28,4,886.94,0.0,3547.76,0.0,3547.76,709.38
147,51,5,1,381.81,0.2,381.81,76.36,305.45,270.22
148,51,7,1,241.41,0.05,241.41,12.07,229.34,194.82
149,51,26,2,492.19,0.1,984.38,98.44,885.94,385.51
150,51,34,1,324.74,0.1,324.74,32.47,292.27,251.56
151,52,20,3,2122.46,0.0,6367.38,0.0,6367.38,1580.72
152,52,29,1,1964.91,0.2,1964.91,392.98,1571.93,1380.58
153,52,6,3,1713.65,0.2,5140.95,1028.19,4112.76,1424.12
154,52,33,1,945.76,0.0,945.76,0.0,945.76,662.78
155,52,27,4,744.67,0.0,2978.68,0.0,2978.68,524.27
156,53,40,3,2115.73,0.1,6347.19,634.72,5712.47,1510.42
157,53,36,3,1462.33,0.05,4386.99,219.35,4167.64,1205.89
158,53,37,3,740.97,0.0,2222.91,0.0,2222.91,530.68
159,53,13,2,211.85,0.2,423.7,84.74,338.96,179.14
160,53,30,3,1801.14,0.0,5403.42,0.0,5403.42,1408.58
161,54,35,5,1255.81,0.15,6279.05,941.86,5337.19,944.57
162,54,18,5,2383.15,0.1,11915.75,1191.58,10724.17,1650.77
163,54,36,1,1462.33,0.15,1462.33,219.35,1242.98,1205.89
164,55,8,3,2292.95,0.0,6878.85,0.0,6878.85,1687.79
165,55,16,1,269.92,0.0,269.92,0.0,269.92,216.38
166,55,40,5,2115.73,0.0,10578.65,0.0,10578.65,1510.42
167,55,22,2,1087.89,0.0,2175.78,0.0,2175.78,921.33
168,56,26,3,492.19,0.05,1476.57,73.83,1402.74,385.51
169,56,3,3,1741.35,0.2,5224.05,1044.81,4179.24,1409.31
170,56,15,3,1757.7,0.05,5273.1,263.66,5009.44,1470.08
171,56,35,2,1255.81,0.05,2511.62,125.58,2386.04,944.57
172,56,5,2,381.81,0.0,763.62,0.0,763.62,270.22
173,57,27,4,744.67,0.2,2978.68,595.74,2382.94,524.27
174,57,11,1,2412.82,0.0,2412.82,0.0,2412.82,1721.82
175,58,16,4,269.92,0.0,1079.68,0.0,1079.68,216.38
176,59,5,2,381.81,0.2,763.62,152.72,610.9,270.22
177,59,30,2,1801.14,0.0,3602.28,0.0,3602.28,1408.58
178,59,36,2,1462.33,0.0,2924.66,0.0,2924.66,1205.89
179,59,10,2,308.63,0.2,617.26,123.45,493.81,259.11
180,59,36,5,1462.33,0.1,7311.65,731.16,6580.49,1205.89
181,60,34,5,324.74,0.0,1623.7,0.0,1623.7,251.56
182,60,12,4,568.55,0.2,2274.2,454.84,1819.36,438.54
183,60,32,1,712.51,0.0,712.51,0.0,712.51,501.4
184,60,39,3,2038.45,0.0,6115.35,0.0,6115.35,1513.08
185,61,12,4,568.55,0.0,2274.2,0.0,2274.2,438.54
186,61,26,2,492.19,0.0,984.38,0.0,984.38,385.51
187,61,40,4,2115.73,0.2,8462.92,1692.58,6770.34,1510.42
188,62,5,2,381.81,0.0,763.62,0.0,763.62,270.22
189,62,2,2,1363.08,0.0,2726.16,0.0,2726.16,1075.23
190,62,32,4,712.51,0.0,2850.04,0.0,2850.04,501.4
191,63,25,3,995.59,0.0,2986.77,0.0,2986.77,730.35
192,63,13,2,211.85,0.0,423.7,0.0,423.7,179.14
193,63,15,5,1757.7,0.2,8788.5,1757.7,7030.8,1470.08
194,63,34,2,324.74,0.0,649.48,0.0,649.48,251.56
195,63,17,4,338.33,0.0,1353.32,0.0,1353.32,242.7
196,64,21,4,813.36,0.05,3253.44,162.67,3090.77,577.98
197,65,28,1,886.94,0.0,886.94,0.0,886.94,709.38
198,66,15,3,1757.7,0.15,5273.1,790.97,4482.13,1470.08
199,67,3,3,1741.35,0.0,5224.05,0.0,5224.05,1409.31
200,67,19,4,825.94,0.0,3303.76,0.0,3303.76,679.69
201,67,5,5,381.81,0.0,1909.05,0.0,1909.05,270.22
202,67,23,1,222.91,0.0,222.91,0.0,222.91,162.2
203,67,5,5,381.81,0.0,1909.05,0.0,1909.05,270.22
204,68,27,3,744.67,0.1,2234.01,223.4,2010.61,524.27
205,68,12,5,568.55,0.0,2842.75,0.0,2842.75,438.54
206,68,14,5,1542.08,0.05,7710.4,385.52,7324.88,1211.09
207,68,27,2,744.67,0.0,1489.34,0.0,1489.34,524.27
208,68,11,3,2412.82,0.05,7238.46,361.92,6876.54,1721.82
209,69,13,4,211.85,0.0,847.4,0.0,847.4,179.14
210,70,8,5,2292.95,0.0,11464.75,0.0,11464.75,1687.79
211,71,31,3,360.74,0.15,1082.22,162.33,919.89,262.76
212,71,35,5,1255.81,0.1,6279.05,627.91,5651.14,944.57
213,72,23,4,222.91,0.05,891.64,44.58,847.06,162.2
214,72,4,5,412.83,0.1,2064.15,206.42,1857.73,340.04
215,72,7,4,241.41,0.1,965.64,96.56,869.08,194.82
216,72,9,5,145.72,0.2,728.6,145.72,582.88,120.34
217,73,32,3,712.51,0.0,2137.53,0.0,2137.53,501.4
218,73,24,1,980.61,0.15,980.61,147.09,833.52,811.6
219,74,33,2,945.76,0.0,1891.52,0.0,1891.52,662.78
220,74,14,5,1542.08,0.0,7710.4,0.0,7710.4,1211.09
221,75,3,5,1741.35,0.15,8706.75,1306.01,7400.74,1409.31
222,75,16,4,269.92,0.2,1079.68,215.94,863.74,216.38
223,75,25,3,995.59,0.0,2986.77,0.0,2986.77,730.35
224,76,40,1,2115.73,0.2,2115.73,423.15,1692.58,1510.42
225,76,35,1,1255.81,0.0,1255.81,0.0,1255.81,944.57
226,76,36,5,1462.33,0.0,7311.65,0.0,7311.65,1205.89
227,77,15,1,1757.7,0.15,1757.7,263.65,1494.05,1470.08
228,78,19,5,825.94,0.0,4129.7,0.0,4129.7,679.69
229,79,6,2,1713.65,0.05,3427.3,171.37,3255.93,1424.12
230,79,32,2,712.51,0.0,1425.02,0.0,1425.02,501.4
231,79,39,4,2038.45,0.0,8153.8,0.0,8153.8,1513.08
232,80,6,4,1713.65,0.1,6854.6,685.46,6169.14,1424.12
233,80,18,5,2383.15,0.0,11915.75,0.0,11915.75,1650.77
234,80,21,4,813.36,0.2,3253.44,650.69,2602.75,577.98
235,80,37,1,740.97,0.1,740.97,74.1,666.87,530.68
236,81,20,3,2122.46,0.2,6367.38,1273.48,5093.9,1580.72
237,81,33,4,945.76,0.0,3783.04,0.0,3783.04,662.78
238,81,37,4,740.97,0.0,2963.88,0.0,2963.88,530.68
239,82,36,3,1462.33,0.1,4386.99,438.7,3948.29,1205.89
240,82,28,1,886.94,0.05,886.94,44.35,842.59,709.38
241,83,34,2,324.74,0.0,649.48,0.0,649.48,251.56
242,83,12,3,568.55,0.15,1705.65,255.85,1449.8,438.54
243,83,9,1,145.72,0.15,145.72,21.86,123.86,120.34
244,83,10,5,308.63,0.0,1543.15,0.0,1543.15,259.11
245,84,20,2,2122.46,0.1,4244.92,424.49,3820.43,1580.72
246,84,6,3,1713.65,0.2,5140.95,1028.19,4112.76,1424.12
247,84,17,2,338.33,0.2,676.66,135.33,541.33,242.7
248,84,25,3,995.59,0.1,2986.77,298.68,2688.09,730.35
249,85,15,2,1757.7,0.05,3515.4,175.77,3339.63,1470.08
250,86,13,2,211.85,0.0,423.7,0.0,423.7,179.14
251,86,36,3,1462.33,0.15,4386.99,658.05,3728.94,1205.89
252,86,24,3,980.61,0.1,2941.83,294.18,2647.65,811.6
253,86,22,4,1087.89,0.1,4351.56,435.16,3916.4,921.33
254,86,30,3,1801.14,0.1,5403.42,540.34,4863.08,1408.58
255,87,27,2,744.67,0.0,1489.34,0.0,1489.34,524.27
256,87,22,4,1087.89,0.0,4351.56,0.0,4351.56,921.33
257,87,9,2,145.72,0.1,291.44,29.14,262.3,120.34
258,88,35,5,1255.81,0.0,6279.05,0.0,6279.05,944.57
259,88,17,3,338.33,0.2,1014.99,203.0,811.99,242.7
260,88,34,2,324.74,0.0,649.48,0.0,649.48,251.56
261,88,24,1,980.61,0.0,980.61,0.0,980.61,811.6
262,88,30,1,1801.14,0.0,1801.14,0.0,1801.14,1408.58
263,89,11,1,2412.82,0.2,2412.82,482.56,1930.26,1721.82
264,89,15,5,1757.7,0.1,8788.5,878.85,7909.65,1470.08
265,89,3,1,1741.35,0.1,1741.35,174.13,1567.22,1409.31
266,89,34,2,324.74,0.0,649.48,0.0,649.48,251.56
267,90,5,4,381.81,0.15,1527.24,229.09,1298.15,270.22
268,91,24,3,980.61,0.1,2941.83,294.18,2647.65,811.6
269,91,3,1,1741.35,0.15,1741.35,261.2,1480.15,1409.31
270,91,2,5,1363.08,0.0,6815.4,0.0,6815.4,1075.23
271,91,37,5,740.97,0.15,3704.85,555.73,3149.12,530.68
272,92,2,3,1363.08,0.0,4089.24,0.0,4089.24,1075.23
273,92,16,4,269.92,0.0,1079.68,0.0,1079.68,216.38
274,92,36,3,1462.33,0.2,4386.99,877.4,3509.59,1205.89
275,92,9,1,145.72,0.05,145.72,7.29,138.43,120.34
276,93,27,4,744.67,0.1,2978.68,297.87,2680.81,524.27
277,93,24,5,980.61,0.2,4903.05,980.61,3922.44,811.6
278,94,35,3,1255.81,0.1,3767.43,376.74,3390.69,944.57
279,94,18,4,2383.15,0.2,9532.6,1906.52,7626.08,1650.77
280,94,13,5,211.85,0.0,1059.25,0.0,1059.25,179.14
281,95,7,5,241.41,0.2,1207.05,241.41,965.64,194.82
282,95,31,3,360.74,0.2,1082.22,216.44,865.78,262.76
283,95,6,3,1713.65,0.0,5140.95,0.0,5140.95,1424.12
284,96,31,3,360.74,0.0,1082.22,0.0,1082.22,262.76
285,97,40,4,2115.73,0.15,8462.92,1269.44,7193.48,1510.42
286,98,6,3,1713.65,0.2,5140.95,1028.19,4112.76,1424.12
287,98,2,1,1363.08,0.05,1363.08,68.15,1294.93,1075.23
288,98,40,3,2115.73,0.05,6347.19,317.36,6029.83,1510.42
289,98,8,5,2292.95,0.05,11464.75,573.24,10891.51,1687.79
290,99,19,5,825.94,0.15,4129.7,619.45,3510.25,679.69
291,100,18,5,2383.15,0.15,11915.75,1787.36,10128.39,1650.77
292,100,19,2,825.94,0.0,1651.88,0.0,1651.88,679.69
293,100,6,2,1713.65,0.05,3427.3,171.37,3255.93,1424.12
294,101,31,4,360.74,0.0,1442.96,0.0,1442.96,262.76
295,101,5,2,381.81,0.2,763.62,152.72,610.9,270.22
296,102,38,4,997.64,0.0,3990.56,0.0,3990.56,802.32
297,102,28,3,886.94,0.05,2660.82,133.04,2527.78,709.38
298,102,31,1,360.74,0.15,360.74,54.11,306.63,262.76
299,102,26,4,492.19,0.0,1968.76,0.0,1968.76,385.51
300,103,1,4,2039.04,0.1,8156.16,815.62,7340.54,1687.18
301,103,39,5,2038.45,0.0,10192.25,0.0,10192.25,1513.08
302,103,32,5,712.51,0.0,3562.55,0.0,3562.55,501.4
303,104,20,2,2122.46,0.0,4244.92,0.0,4244.92,1580.72
304,105,30,3,1801.14,0.2,5403.42,1080.68,4322.74,1408.58
305,106,22,2,1087.89,0.15,2175.78,326.37,1849.41,921.33
306,107,7,2,241.41,0.15,482.82,72.42,410.4,194.82
307,108,16,5,269.92,0.0,1349.6,0.0,1349.6,216.38
308,109,10,4,308.63,0.0,1234.52,0.0,1234.52,259.11
309,109,24,4,980.61,0.1,3922.44,392.24,3530.2,811.6
310,109,22,5,1087.89,0.0,5439.45,0.0,5439.45,921.33
311,109,32,2,712.51,0.05,1425.02,71.25,1353.77,501.4
312,110,18,3,2383.15,0.05,7149.45,357.47,6791.98,1650.77
313,110,33,2,945.76,0.0,1891.52,0.0,1891.52,662.78
314,110,8,4,2292.95,0.2,9171.8,1834.36,7337.44,1687.79
315,110,3,2,1741.35,0.1,3482.7,348.27,3134.43,1409.31
316,110,16,2,269.92,0.05,539.84,26.99,512.85,216.38
317,111,22,4,1087.89,0.2,4351.56,870.31,3481.25,921.33
318,111,38,1,997.64,0.0,997.64,0.0,997.64,802.32
319,111,40,1,2115.73,0.15,2115.73,317.36,1798.37,1510.42
320,111,37,2,740.97,0.1,1481.94,148.19,1333.75,530.68
321,112,31,1,360.74,0.1,360.74,36.07,324.67,262.76
322,113,23,2,222.91,0.0,445.82,0.0,445.82,162.2
323,113,1,4,2039.04,0.0,8156.16,0.0,8156.16,1687.18
324,113,18,3,2383.15,0.0,7149.45,0.0,7149.45,1650.77
325,114,10,3,308.63,0.0,925.89,0.0,925.89,259.11
326,114,8,4,2292.95,0.05,9171.8,458.59,8713.21,1687.79
327,115,39,1,2038.45,0.1,2038.45,203.85,1834.6,1513.08
328,115,1,2,2039.04,0.2,4078.08,815.62,3262.46,1687.18
329,115,38,4,997.64,0.05,3990.56,199.53,3791.03,802.32
330,115,23,1,222.91,0.0,222.91,0.0,222.91,162.2
331,116,21,4,813.36,0.15,3253.44,488.02,2765.42,577.98
332,116,16,4,269.92,0.2,1079.68,215.94,863.74,216.38
333,116,10,2,308.63,0.0,617.26,0.0,617.26,259.11
334,116,7,1,241.41,0.0,241.41,0.0,241.41,194.82
335,116,34,1,324.74,0.0,324.74,0.0,324.74,251.56
336,117,26,2,492.19,0.2,984.38,196.88,787.5,385.51
337,117,26,3,492.19,0.1,1476.57,147.66,1328.91,385.51
338,118,24,1,980.61,0.2,980.61,196.12,784.49,811.6
339,118,28,2,886.94,0.2,1773.88,354.78,1419.1,709.38
340,119,39,5,2038.45,0.1,10192.25,1019.23,9173.02,1513.08
341,119,25,5,995.59,0.2,4977.95,995.59,3982.36,730.35
342,120,36,2,1462.33,0.0,2924.66,0.0,2924.66,1205.89
343,120,18,4,2383.15,0.0,9532.6,0.0,9532.6,1650.77
344,120,12,5,568.55,0.0,2842.75,0.0,2842.75,438.54
345,120,21,3,813.36,0.15,2440.08,366.01,2074.07,577.98
346,121,31,1,360.74,0.0,360.74,0.0,360.74,262.76
347,121,20,5,2122.46,0.0,10612.3,0.0,10612.3,1580.72
348,122,32,2,712.51,0.0,1425.02,0.0,1425.02,501.4
349,122,33,2,945.76,0.0,1891.52,0.0,1891.52,662.78
350,123,33,3,945.76,0.0,2837.28,0.0,2837.28,662.78
351,124,10,3,308.63,0.0,925.89,0.0,925.89,259.11
352,125,24,5,980.61,0.05,4903.05,245.15,4657.9,811.6
353,125,7,1,241.41,0.0,241.41,0.0,241.41,194.82
354,125,33,5,945.76,0.15,4728.8,709.32,4019.48,662.78
355,125,1,4,2039.04,0.2,8156.16,1631.23,6524.93,1687.18
356,126,38,3,997.64,0.0,2992.92,0.0,2992.92,802.32
357,126,5,1,381.81,0.1,381.81,38.18,343.63,270.22
358,126,22,4,1087.89,0.0,4351.56,0.0,4351.56,921.33
359,126,14,3,1542.08,0.0,4626.24,0.0,4626.24,1211.09
360,127,29,2,1964.91,0.05,3929.82,196.49,3733.33,1380.58
361,127,34,1,324.74,0.0,324.74,0.0,324.74,251.56
362,127,29,2,1964.91,0.15,3929.82,589.47,3340.35,1380.58
363,128,2,4,1363.08,0.0,5452.32,0.0,5452.32,1075.23
364,128,15,1,1757.7,0.05,1757.7,87.89,1669.81,1470.08
365,128,4,5,412.83,0.15,2064.15,309.62,1754.53,340.04
366,128,17,1,338.33,0.0,338.33,0.0,338.33,242.7
367,129,34,5,324.74,0.15,1623.7,243.56,1380.14,251.56
368,129,27,2,744.67,0.0,1489.34,0.0,1489.34,524.27
369,129,15,3,1757.7,0.15,5273.1,790.97,4482.13,1470.08
370,129,16,4,269.92,0.1,1079.68,107.97,971.71,216.38
371,129,20,5,2122.46,0.1,10612.3,1061.23,9551.07,1580.72
372,130,29,2,1964.91,0.1,3929.82,392.98,3536.84,1380.58
373,131,4,1,412.83,0.0,412.83,0.0,412.83,340.04
374,132,13,5,211.85,0.0,1059.25,0.0,1059.25,179.14
375,132,29,4,1964.91,0.0,7859.64,0.0,7859.64,1380.58
376,132,24,5,980.61,0.2,4903.05,980.61,3922.44,811.6
377,133,20,3,2122.46,0.0,6367.38,0.0,6367.38,1580.72
378,133,26,3,492.19,0.2,1476.57,295.31,1181.26,385.51
379,133,4,2,412.83,0.0,825.66,0.0,825.66,340.04
380,133,20,3,2122.46,0.0,6367.38,0.0,6367.38,1580.72
381,134,4,1,412.83,0.15,412.83,61.92,350.91,340.04
382,134,25,5,995.59,0.0,4977.95,0.0,4977.95,730.35
383,134,6,5,1713.65,0.0,8568.25,0.0,8568.25,1424.12
384,134,34,1,324.74,0.0,324.74,0.0,324.74,251.56
385,134,22,3,1087.89,0.0,3263.67,0.0,3263.67,921.33
386,135,31,4,360.74,0.0,1442.96,0.0,1442.96,262.76
387,135,5,2,381.81,0.05,763.62,38.18,725.44,270.22
388,135,7,5,241.41,0.1,1207.05,120.7,1086.35,194.82
389,135,10,3,308.63,0.0,925.89,0.0,925.89,259.11
390,136,26,2,492.19,0.0,984.38,0.0,984.38,385.51
391,136,31,4,360.74,0.2,1442.96,288.59,1154.37,262.76
392,136,33,1,945.76,0.0,945.76,0.0,945.76,662.78
393,136,20,4,2122.46,0.2,8489.84,1697.97,6791.87,1580.72
394,136,25,4,995.59,0.05,3982.36,199.12,3783.24,730.35
395,137,2,1,1363.08,0.0,1363.08,0.0,1363.08,1075.23
396,137,21,2,813.36,0.0,1626.72,0.0,1626.72,577.98
397,138,34,5,324.74,0.0,1623.7,0.0,1623.7,251.56
398,138,1,5,2039.04,0.0,10195.2,0.0,10195.2,1687.18
399,138,10,5,308.63,0.0,1543.15,0.0,1543.15,259.11
400,138,9,5,145.72,0.05,728.6,36.43,692.17,120.34
401,139,16,5,269.92,0.1,1349.6,134.96,1214.64,216.38
402,140,33,5,945.76,0.0,4728.8,0.0,4728.8,662.78
403,140,3,3,1741.35,0.15,5224.05,783.61,4440.44,1409.31
404,140,13,4,211.85,0.0,847.4,0.0,847.4,179.14
405,141,6,4,1713.65,0.0,6854.6,0.0,6854.6,1424.12
406,141,7,2,241.41,0.2,482.82,96.56,386.26,194.82
407,142,5,1,381.81,0.15,381.81,57.27,324.54,270.22
408,142,34,2,324.74,0.15,649.48,97.42,552.06,251.56
409,142,7,1,241.41,0.0,241.41,0.0,241.41,194.82
410,142,24,1,980.61,0.0,980.61,0.0,980.61,811.6
411,142,26,2,492.19,0.0,984.38,0.0,984.38,385.51
412,143,13,2,211.85,0.2,423.7,84.74,338.96,179.14
413,143,33,2,945.76,0.0,1891.52,0.0,1891.52,662.78
414,143,39,1,2038.45,0.05,2038.45,101.92,1936.53,1513.08
415,143,2,5,1363.08,0.15,6815.4,1022.31,5793.09,1075.23
416,144,19,2,825.94,0.0,1651.88,0.0,1651.88,679.69
417,144,20,5,2122.46,0.0,10612.3,0.0,10612.3,1580.72
418,145,39,2,2038.45,0.0,4076.9,0.0,4076.9,1513.08
419,145,27,1,744.67,0.05,744.67,37.23,707.44,524.27
420,146,2,1,1363.08,0.0,1363.08,0.0,1363.08,1075.23
421,146,19,4,825.94,0.15,3303.76,495.56,2808.2,679.69
422,146,6,2,1713.65,0.15,3427.3,514.1,2913.2,1424.12
423,146,25,2,995.59,0.1,1991.18,199.12,1792.06,730.35
424,147,30,1,1801.14,0.2,1801.14,360.23,1440.91,1408.58
425,148,6,4,1713.65,0.0,6854.6,0.0,6854.6,1424.12
426,148,10,5,308.63,0.0,1543.15,0.0,1543.15,259.11
427,149,9,1,145.72,0.0,145.72,0.0,145.72,120.34
428,149,2,4,1363.08,0.15,5452.32,817.85,4634.47,1075.23
429,149,15,5,1757.7,0.1,8788.5,878.85,7909.65,1470.08
430,150,35,4,1255.81,0.0,5023.24,0.0,5023.24,944.57
431,150,31,1,360.74,0.15,360.74,54.11,306.63,262.76
432,151,22,4,1087.89,0.15,4351.56,652.73,3698.83,921.33
433,151,35,2,1255.81,0.1,2511.62,251.16,2260.46,944.57
434,151,26,4,492.19,0.05,1968.76,98.44,1870.32,385.51
435,152,25,2,995.59,0.15,1991.18,298.68,1692.5,730.35
436,152,2,3,1363.08,0.05,4089.24,204.46,3884.78,1075.23
437,153,14,1,1542.08,0.15,1542.08,231.31,1310.77,1211.09
438,154,32,2,712.51,0.05,1425.02,71.25,1353.77,501.4
439,155,27,5,744.67,0.2,3723.35,744.67,2978.68,524.27
440,155,27,5,744.67,0.1,3723.35,372.34,3351.01,524.27
441,156,4,3,412.83,0.1,1238.49,123.85,1114.64,340.04
442,156,32,2,712.51,0.0,1425.02,0.0,1425.02,501.4
443,156,30,3,1801.14,0.0,5403.42,0.0,5403.42,1408.58
444,156,9,5,145.72,0.0,728.6,0.0,728.6,120.34
445,157,15,5,1757.7,0.0,8788.5,0.0,8788.5,1470.08
446,158,20,5,2122.46,0.0,10612.3,0.0,10612.3,1580.72
447,158,10,1,308.63,0.0,308.63,0.0,308.63,259.11
448,158,27,3,744.67,0.15,2234.01,335.1,1898.91,524.27
449,159,5,3,381.81,0.15,1145.43,171.81,973.62,270.22
450,159,18,3,2383.15,0.0,7149.45,0.0,7149.45,1650.77
451,160,13,3,211.85,0.0,635.55,0.0,635.55,179.14
452,160,10,2,308.63,0.0,617.26,0.0,617.26,259.11
453,160,33,1,945.76,0.0,945.76,0.0,945.76,662.78
454,160,12,4,568.55,0.0,2274.2,0.0,2274.2,438.54
455,160,32,2,712.51,0.15,1425.02,213.75,1211.27,501.4
456,161,3,5,1741.35,0.05,8706.75,435.34,8271.41,1409.31
457,161,13,3,211.85,0.0,635.55,0.0,635.55,179.14
458,161,17,5,338.33,0.2,1691.65,338.33,1353.32,242.7
459,161,36,2,1462.33,0.05,2924.66,146.23,2778.43,1205.89
460,162,21,4,813.36,0.0,3253.44,0.0,3253.44,577.98
461,162,24,2,980.61,0.1,1961.22,196.12,1765.1,811.6
462,163,5,2,381.81,0.0,763.62,0.0,763.62,270.22
463,163,3,3,1741.35,0.05,5224.05,261.2,4962.85,1409.31
464,163,16,5,269.92,0.1,1349.6,134.96,1214.64,216.38
465,164,25,5,995.59,0.15,4977.95,746.69,4231.26,730.35
466,165,12,3,568.55,0.15,1705.65,255.85,1449.8,438.54
467,165,8,4,2292.95,0.05,9171.8,458.59,8713.21,1687.79
468,165,7,4,241.41,0.15,965.64,144.85,820.79,194.82
469,165,5,4,381.81,0.0,1527.24,0.0,1527.24,270.22
470,165,39,4,2038.45,0.0,8153.8,0.0,8153.8,1513.08
471,166,36,1,1462.33,0.0,1462.33,0.0,1462.33,1205.89
472,166,2,1,1363.08,0.2,1363.08,272.62,1090.46,1075.23
473,166,38,5,997.64,0.15,4988.2,748.23,4239.97,802.32
474,166,12,2,568.55,0.0,1137.1,0.0,1137.1,438.54
475,166,37,5,740.97,0.1,3704.85,370.49,3334.36,530.68
476,167,28,1,886.94,0.1,886.94,88.69,798.25,709.38
477,167,29,3,1964.91,0.0,5894.73,0.0,5894.73,1380.58
478,167,38,4,997.64,0.2,3990.56,798.11,3192.45,802.32
479,167,5,5,381.81,0.0,1909.05,0.0,1909.05,270.22
480,168,32,1,712.51,0.0,712.51,0.0,712.51,501.4
481,168,22,3,1087.89,0.0,3263.67,0.0,3263.67,921.33
482,169,30,1,1801.14,0.0,1801.14,0.0,1801.14,1408.58
483,169,10,5,308.63,0.2,1543.15,308.63,1234.52,259.11
484,169,22,4,1087.89,0.15,4351.56,652.73,3698.83,921.33
485,169,5,5,381.81,0.05,1909.05,95.45,1813.6,270.22
486,169,38,3,997.64,0.0,2992.92,0.0,2992.92,802.32
487,170,40,5,2115.73,0.05,10578.65,528.93,10049.72,1510.42
488,170,30,1,1801.14,0.15,1801.14,270.17,1530.97,1408.58
489,170,39,4,2038.45,0.0,8153.8,0.0,8153.8,1513.08
490,171,27,1,744.67,0.0,744.67,0.0,744.67,524.27
491,171,6,2,1713.65,0.0,3427.3,0.0,3427.3,1424.12
492,172,34,4,324.74,0.0,1298.96,0.0,1298.96,251.56
493,172,36,2,1462.33,0.0,2924.66,0.0,2924.66,1205.89
494,172,37,5,740.97,0.1,3704.85,370.49,3334.36,530.68
495,172,1,1,2039.04,0.15,2039.04,305.86,1733.18,1687.18
496,173,23,1,222.91,0.1,222.91,22.29,200.62,162.2
497,174,4,2,412.83,0.1,825.66,82.57,743.09,340.04
498,174,2,4,1363.08,0.0,5452.32,0.0,5452.32,1075.23
499,174,5,1,381.81,0.2,381.81,76.36,305.45,270.22
500,175,13,1,211.85,0.0,211.85,0.0,211.85,179.14
501,176,7,2,241.41,0.1,482.82,48.28,434.54,194.82
502,177,3,5,1741.35,0.1,8706.75,870.68,7836.07,1409.31
503,178,1,4,2039.04,0.0,8156.16,0.0,8156.16,1687.18
504,178,29,1,1964.91,0.0,1964.91,0.0,1964.91,1380.58
505,178,32,4,712.51,0.1,2850.04,285.0,2565.04,501.4
506,178,35,2,1255.81,0.0,2511.62,0.0,2511.62,944.57
507,178,25,3,995.59,0.0,2986.77,0.0,2986.77,730.35
508,179,8,4,2292.95,0.05,9171.8,458.59,8713.21,1687.79
509,179,8,4,2292.95,0.1,9171.8,917.18,8254.62,1687.79
510,179,36,1,1462.33,0.0,1462.33,0.0,1462.33,1205.89
511,179,22,3,1087.89,0.0,3263.67,0.0,3263.67,921.33
512,179,32,4,712.51,0.05,2850.04,142.5,2707.54,501.4
513,180,16,5,269.92,0.05,1349.6,67.48,1282.12,216.38
514,180,14,4,1542.08,0.0,6168.32,0.0,6168.32,1211.09
515,181,37,4,740.97,0.2,2963.88,592.78,2371.1,530.68
516,182,10,2,308.63,0.05,617.26,30.86,586.4,259.11
517,182,28,2,886.94,0.0,1773.88,0.0,1773.88,709.38
518,182,36,3,1462.33,0.15,4386.99,658.05,3728.94,1205.89
519,182,2,4,1363.08,0.15,5452.32,817.85,4634.47,1075.23
520,183,4,2,412.83,0.0,825.66,0.0,825.66,340.04
521,183,8,2,2292.95,0.1,4585.9,458.59,4127.31,1687.79
522,184,35,4,1255.81,0.1,5023.24,502.32,4520.92,944.57
523,184,39,4,2038.45,0.0,8153.8,0.0,8153.8,1513.08
524,184,6,1,1713.65,0.0,1713.65,0.0,1713.65,1424.12
525,184,24,2,980.61,0.05,1961.22,98.06,1863.16,811.6
526,184,29,5,1964.91,0.1,9824.55,982.45,8842.1,1380.58
527,185,2,4,1363.08,0.15,5452.32,817.85,4634.47,1075.23
528,185,32,5,712.51,0.0,3562.55,0.0,3562.55,501.4
529,185,34,3,324.74,0.15,974.22,146.13,828.09,251.56
530,185,30,4,1801.14,0.0,7204.56,0.0,7204.56,1408.58
531,185,36,3,1462.33,0.0,4386.99,0.0,4386.99,1205.89
532,186,18,3,2383.15,0.15,7149.45,1072.42,6077.03,1650.77
533,186,39,3,2038.45,0.2,6115.35,1223.07,4892.28,1513.08
534,186,27,1,744.67,0.05,744.67,37.23,707.44,524.27
535,187,7,5,241.41,0.2,1207.05,241.41,965.64,194.82
536,187,29,1,1964.91,0.0,1964.91,0.0,1964.91,1380.58
537,187,3,2,1741.35,0.2,3482.7,696.54,2786.16,1409.31
538,187,36,4,1462.33,0.05,5849.32,292.47,5556.85,1205.89
539,188,10,2,308.63,0.1,617.26,61.73,555.53,259.11
540,189,35,1,1255.81,0.0,1255.81,0.0,1255.81,944.57
541,189,19,5,825.94,0.2,4129.7,825.94,3303.76,679.69
542,189,35,2,1255.81,0.0,2511.62,0.0,2511.62,944.57
543,189,14,3,1542.08,0.05,4626.24,231.31,4394.93,1211.09
544,190,29,1,1964.91,0.0,1964.91,0.0,1964.91,1380.58
545,190,20,4,2122.46,0.1,8489.84,848.98,7640.86,1580.72
546,190,25,4,995.59,0.0,3982.36,0.0,3982.36,730.35
547,191,22,5,1087.89,0.05,5439.45,271.97,5167.48,921.33
548,191,40,3,2115.73,0.0,6347.19,0.0,6347.19,1510.42
549,191,19,2,825.94,0.0,1651.88,0.0,1651.88,679.69
550,191,36,1,1462.33,0.0,1462.33,0.0,1462.33,1205.89
551,191,20,1,2122.46,0.15,2122.46,318.37,1804.09,1580.72
552,192,18,2,2383.15,0.0,4766.3,0.0,4766.3,1650.77
553,192,10,4,308.63,0.05,1234.52,61.73,1172.79,259.11
554,193,1,5,2039.04,0.05,10195.2,509.76,9685.44,1687.18
555,194,16,5,269.92,0.1,1349.6,134.96,1214.64,216.38
556,195,3,2,1741.35,0.15,3482.7,522.4,2960.3,1409.31
557,195,23,1,222.91,0.0,222.91,0.0,222.91,162.2
558,196,35,2,1255.81,0.0,2511.62,0.0,2511.62,944.57
559,196,2,5,1363.08,0.05,6815.4,340.77,6474.63,1075.23
560,197,28,3,886.94,0.1,2660.82,266.08,2394.74,709.38
561,197,7,4,241.41,0.05,965.64,48.28,917.36,194.82
562,198,16,4,269.92,0.05,1079.68,53.98,1025.7,216.38
563,198,16,4,269.92,0.05,1079.68,53.98,1025.7,216.38
564,198,26,4,492.19,0.15,1968.76,295.31,1673.45,385.51
565,198,16,2,269.92,0.0,539.84,0.0,539.84,216.38
566,199,24,2,980.61,0.0,1961.22,0.0,1961.22,811.6
567,199,30,4,1801.14,0.2,7204.56,1440.91,5763.65,1408.58
568,199,36,2,1462.33,0.1,2924.66,292.47,2632.19,1205.89
569,199,33,5,945.76,0.1,4728.8,472.88,4255.92,662.78
570,200,17,5,338.33,0.2,1691.65,338.33,1353.32,242.7
571,200,15,2,1757.7,0.1,3515.4,351.54,3163.86,1470.08
572,200,2,3,1363.08,0.0,4089.24,0.0,4089.24,1075.23
573,201,35,3,1255.81,0.0,3767.43,0.0,3767.43,944.57
574,201,6,5,1713.65,0.2,8568.25,1713.65,6854.6,1424.12
575,201,36,4,1462.33,0.05,5849.32,292.47,5556.85,1205.89
576,201,22,5,1087.89,0.15,5439.45,815.92,4623.53,921.33
577,201,3,2,1741.35,0.0,3482.7,0.0,3482.7,1409.31
578,202,2,3,1363.08,0.15,4089.24,613.39,3475.85,1075.23
579,202,17,3,338.33,0.2,1014.99,203.0,811.99,242.7
580,202,38,1,997.64,0.0,997.64,0.0,997.64,802.32
581,202,26,2,492.19,0.0,984.38,0.0,984.38,385.51
582,203,26,4,492.19,0.2,1968.76,393.75,1575.01,385.51
583,203,24,4,980.61,0.15,3922.44,588.37,3334.07,811.6
584,203,28,3,886.94,0.1,2660.82,266.08,2394.74,709.38
585,203,21,3,813.36,0.0,2440.08,0.0,2440.08,577.98
586,204,24,3,980.61,0.0,2941.83,0.0,2941.83,811.6
587,204,28,1,886.94,0.0,886.94,0.0,886.94,709.38
588,204,7,4,241.41,0.15,965.64,144.85,820.79,194.82
589,204,36,3,1462.33,0.05,4386.99,219.35,4167.64,1205.89
590,204,20,4,2122.46,0.0,8489.84,0.0,8489.84,1580.72
591,205,38,3,997.64,0.0,2992.92,0.0,2992.92,802.32
592,205,31,3,360.74,0.0,1082.22,0.0,1082.22,262.76
593,206,37,1,740.97,0.0,740.97,0.0,740.97,530.68
594,207,24,2,980.61,0.05,1961.22,98.06,1863.16,811.6
595,207,9,4,145.72,0.15,582.88,87.43,495.45,120.34
596,208,7,3,241.41,0.0,724.23,0.0,724.23,194.82
597,208,22,3,1087.89,0.2,3263.67,652.73,2610.94,921.33
598,208,36,4,1462.33,0.15,5849.32,877.4,4971.92,1205.89
599,208,11,3,2412.82,0.15,7238.46,1085.77,6152.69,1721.82
600,208,31,1,360.74,0.2,360.74,72.15,288.59,262.76
601,209,17,1,338.33,0.1,338.33,33.83,304.5,242.7
602,210,39,5,2038.45,0.15,10192.25,1528.84,8663.41,1513.08
603,210,19,4,825.94,0.0,3303.76,0.0,3303.76,679.69
604,211,31,4,360.74,0.15,1442.96,216.44,1226.52,262.76
605,211,19,5,825.94,0.2,4129.7,825.94,3303.76,679.69
606,211,38,4,997.64,0.15,3990.56,598.58,3391.98,802.32
607,211,29,5,1964.91,0.0,9824.55,0.0,9824.55,1380.58
608,211,34,5,324.74,0.0,1623.7,0.0,1623.7,251.56
609,212,33,4,945.76,0.0,3783.04,0.0,3783.04,662.78
610,212,17,4,338.33,0.2,1353.32,270.66,1082.66,242.7
611,213,30,4,1801.14,0.0,7204.56,0.0,7204.56,1408.58
612,213,14,5,1542.08,0.0,7710.4,0.0,7710.4,1211.09
613,213,18,5,2383.15,0.1,11915.75,1191.58,10724.17,1650.77
614,214,22,1,1087.89,0.0,1087.89,0.0,1087.89,921.33
615,214,39,1,2038.45,0.0,2038.45,0.0,2038.45,1513.08
616,214,9,2,145.72,0.1,291.44,29.14,262.3,120.34
617,214,30,3,1801.14,0.0,5403.42,0.0,5403.42,1408.58
618,215,12,5,568.55,0.0,2842.75,0.0,2842.75,438.54
619,215,28,4,886.94,0.2,3547.76,709.55,2838.21,709.38
620,215,22,3,1087.89,0.2,3263.67,652.73,2610.94,921.33
621,215,10,5,308.63,0.0,1543.15,0.0,1543.15,259.11
622,216,28,3,886.94,0.0,2660.82,0.0,2660.82,709.38
623,217,5,1,381.81,0.0,381.81,0.0,381.81,270.22
624,217,29,4,1964.91,0.0,7859.64,0.0,7859.64,1380.58
625,217,20,2,2122.46,0.1,4244.92,424.49,3820.43,1580.72
626,217,21,3,813.36,0.0,2440.08,0.0,2440.08,577.98
627,218,37,3,740.97,0.0,2222.91,0.0,2222.91,530.68
628,219,12,4,568.55,0.15,2274.2,341.13,1933.07,438.54
629,219,7,2,241.41,0.0,482.82,0.0,482.82,194.82
630,219,23,1,222.91,0.2,222.91,44.58,178.33,162.2
631,220,7,4,241.41,0.15,965.64,144.85,820.79,194.82
632,220,21,2,813.36,0.15,1626.72,244.01,1382.71,577.98
633,220,4,1,412.83,0.0,412.83,0.0,412.83,340.04
634,221,32,3,712.51,0.05,2137.53,106.88,2030.65,501.4
635,221,17,1,338.33,0.0,338.33,0.0,338.33,242.7
636,222,23,5,222.91,0.2,1114.55,222.91,891.64,162.2
637,222,1,1,2039.04,0.05,2039.04,101.95,1937.09,1687.18
638,222,15,3,1757.7,0.05,5273.1,263.66,5009.44,1470.08
639,223,9,1,145.72,0.0,145.72,0.0,145.72,120.34
640,223,2,4,1363.08,0.0,5452.32,0.0,5452.32,1075.23
641,224,32,5,712.51,0.0,3562.55,0.0,3562.55,501.4
642,224,1,4,2039.04,0.0,8156.16,0.0,8156.16,1687.18
643,224,23,5,222.91,0.15,1114.55,167.18,947.37,162.2
644,225,35,2,1255.81,0.15,2511.62,376.74,2134.88,944.57
645,225,16,1,269.92,0.05,269.92,13.5,256.42,216.38
646,225,1,4,2039.04,0.15,8156.16,1223.42,6932.74,1687.18
647,226,38,4,997.64,0.2,3990.56,798.11,3192.45,802.32
648,227,3,4,1741.35,0.0,6965.4,0.0,6965.4,1409.31
649,227,11,2,2412.82,0.0,4825.64,0.0,4825.64,1721.82
650,227,4,5,412.83,0.0,2064.15,0.0,2064.15,340.04
651,227,26,4,492.19,0.15,1968.76,295.31,1673.45,385.51
652,227,21,1,813.36,0.15,813.36,122.0,691.36,577.98
653,228,31,5,360.74,0.0,1803.7,0.0,1803.7,262.76
654,228,17,3,338.33,0.05,1014.99,50.75,964.24,242.7
655,229,15,3,1757.7,0.05,5273.1,263.66,5009.44,1470.08
656,230,36,1,1462.33,0.0,1462.33,0.0,1462.33,1205.89
657,230,19,1,825.94,0.05,825.94,41.3,784.64,679.69
658,231,3,2,1741.35,0.0,3482.7,0.0,3482.7,1409.31
659,231,8,4,2292.95,0.0,9171.8,0.0,9171.8,1687.79
660,231,16,5,269.92,0.2,1349.6,269.92,1079.68,216.38
661,231,10,1,308.63,0.0,308.63,0.0,308.63,259.11
662,231,40,1,2115.73,0.2,2115.73,423.15,1692.58,1510.42
663,232,22,2,1087.89,0.0,2175.78,0.0,2175.78,921.33
664,232,24,3,980.61,0.15,2941.83,441.27,2500.56,811.6
665,232,12,5,568.55,0.0,2842.75,0.0,2842.75,438.54
666,232,15,2,1757.7,0.05,3515.4,175.77,3339.63,1470.08
667,232,9,3,145.72,0.0,437.16,0.0,437.16,120.34
668,233,14,1,1542.08,0.05,1542.08,77.1,1464.98,1211.09
669,233,23,2,222.91,0.1,445.82,44.58,401.24,162.2
670,234,36,5,1462.33,0.0,7311.65,0.0,7311.65,1205.89
671,234,20,4,2122.46,0.0,8489.84,0.0,8489.84,1580.72
672,235,5,3,381.81,0.0,1145.43,0.0,1145.43,270.22
673,236,9,1,145.72,0.2,145.72,29.14,116.58,120.34
674,236,29,3,1964.91,0.15,5894.73,884.21,5010.52,1380.58
675,236,21,4,813.36,0.0,3253.44,0.0,3253.44,577.98
676,236,38,4,997.64,0.15,3990.56,598.58,3391.98,802.32
677,237,34,1,324.74,0.05,324.74,16.24,308.5,251.56
678,238,23,4,222.91,0.0,891.64,0.0,891.64,162.2
679,238,25,4,995.59,0.0,3982.36,0.0,3982.36,730.35
680,238,29,4,1964.91,0.0,7859.64,0.0,7859.64,1380.58
681,239,4,4,412.83,0.0,1651.32,0.0,1651.32,340.04
682,240,39,2,2038.45,0.0,4076.9,0.0,4076.9,1513.08
683,241,25,4,995.59,0.05,3982.36,199.12,3783.24,730.35
684,241,10,2,308.63,0.0,617.26,0.0,617.26,259.11
685,241,17,2,338.33,0.2,676.66,135.33,541.33,242.7
686,241,23,4,222.91,0.15,891.64,133.75,757.89,162.2
687,242,16,4,269.92,0.0,1079.68,0.0,1079.68,216.38
688,242,36,3,1462.33,0.2,4386.99,877.4,3509.59,1205.89
689,242,40,5,2115.73,0.0,10578.65,0.0,10578.65,1510.42
690,242,31,2,360.74,0.1,721.48,72.15,649.33,262.76
691,242,15,5,1757.7,0.0,8788.5,0.0,8788.5,1470.08
692,243,13,1,211.85,0.15,211.85,31.78,180.07,179.14
693,244,35,5,1255.81,0.2,6279.05,1255.81,5023.24,944.57
694,245,34,3,324.74,0.2,974.22,194.84,779.38,251.56
695,245,27,3,744.67,0.0,2234.01,0.0,2234.01,524.27
696,245,6,3,1713.65,0.15,5140.95,771.14,4369.81,1424.12
697,245,3,4,1741.35,0.1,6965.4,696.54,6268.86,1409.31
698,245,13,1,211.85,0.0,211.85,0.0,211.85,179.14
699,246,1,4,2039.04,0.0,8156.16,0.0,8156.16,1687.18
700,247,10,1,308.63,0.2,308.63,61.73,246.9,259.11
701,247,20,2,2122.46,0.1,4244.92,424.49,3820.43,1580.72
702,247,40,3,2115.73,0.05,6347.19,317.36,6029.83,1510.42
703,247,32,3,712.51,0.0,2137.53,0.0,2137.53,501.4
704,247,7,4,241.41,0.2,965.64,193.13,772.51,194.82
705,248,27,3,744.67,0.0,2234.01,0.0,2234.01,524.27
706,248,20,4,2122.46,0.1,8489.84,848.98,7640.86,1580.72
707,248,31,3,360.74,0.2,1082.22,216.44,865.78,262.76
708,248,18,3,2383.15,0.1,7149.45,714.95,6434.5,1650.77
709,249,38,3,997.64,0.2,2992.92,598.58,2394.34,802.32
710,249,30,3,1801.14,0.2,5403.42,1080.68,4322.74,1408.58
711,250,13,5,211.85,0.2,1059.25,211.85,847.4,179.14
712,250,24,1,980.61,0.1,980.61,98.06,882.55,811.6
713,250,1,3,2039.04,0.15,6117.12,917.57,5199.55,1687.18
714,250,39,2,2038.45,0.1,4076.9,407.69,3669.21,1513.08
715,250,33,1,945.76,0.0,945.76,0.0,945.76,662.78
716,251,40,5,2115.73,0.15,10578.65,1586.8,8991.85,1510.42
717,251,39,4,2038.45,0.0,8153.8,0.0,8153.8,1513.08
718,251,4,4,412.83,0.15,1651.32,247.7,1403.62,340.04
719,252,18,2,2383.15,0.15,4766.3,714.95,4051.35,1650.77
720,252,37,4,740.97,0.0,2963.88,0.0,2963.88,530.68
721,252,18,2,2383.15,0.1,4766.3,476.63,4289.67,1650.77
722,252,8,2,2292.95,0.15,4585.9,687.88,3898.02,1687.79
723,252,24,5,980.61,0.0,4903.05,0.0,4903.05,811.6
724,253,11,3,2412.82,0.05,7238.46,361.92,6876.54,1721.82
725,253,18,5,2383.15,0.0,11915.75,0.0,11915.75,1650.77
726,253,22,4,1087.89,0.2,4351.56,870.31,3481.25,921.33
727,254,10,4,308.63,0.2,1234.52,246.9,987.62,259.11
728,254,37,3,740.97,0.2,2222.91,444.58,1778.33,530.68
729,254,6,4,1713.65,0.0,6854.6,0.0,6854.6,1424.12
730,255,22,5,1087.89,0.15,5439.45,815.92,4623.53,921.33
731,255,6,1,1713.65,0.1,1713.65,171.37,1542.28,1424.12
732,255,14,5,1542.08,0.2,7710.4,1542.08,6168.32,1211.09
733,255,22,2,1087.89,0.05,2175.78,108.79,2066.99,921.33
734,256,32,3,712.51,0.0,2137.53,0.0,2137.53,501.4
735,256,38,4,997.64,0.2,3990.56,798.11,3192.45,802.32
736,256,10,1,308.63,0.2,308.63,61.73,246.9,259.11
737,257,20,2,2122.46,0.15,4244.92,636.74,3608.18,1580.72
738,258,17,3,338.33,0.0,1014.99,0.0,1014.99,242.7
739,258,21,3,813.36,0.2,2440.08,488.02,1952.06,577.98
740,258,39,1,2038.45,0.15,2038.45,305.77,1732.68,1513.08
741,258,21,1,813.36,0.0,813.36,0.0,813.36,577.98
742,259,28,1,886.94,0.2,886.94,177.39,709.55,709.38
743,259,40,2,2115.73,0.0,4231.46,0.0,4231.46,1510.42
744,259,1,3,2039.04,0.2,6117.12,1223.42,4893.7,1687.18
745,259,33,5,945.76,0.15,4728.8,709.32,4019.48,662.78
746,260,32,5,712.51,0.15,3562.55,534.38,3028.17,501.4
747,260,2,5,1363.08,0.1,6815.4,681.54,6133.86,1075.23
748,261,31,1,360.74,0.2,360.74,72.15,288.59,262.76
749,261,4,2,412.83,0.2,825.66,165.13,660.53,340.04
750,261,15,4,1757.7,0.0,7030.8,0.0,7030.8,1470.08
751,261,11,5,2412.82,0.05,12064.1,603.21,11460.89,1721.82
752,261,4,3,412.83,0.05,1238.49,61.92,1176.57,340.04
753,262,3,4,1741.35,0.1,6965.4,696.54,6268.86,1409.31
754,262,19,4,825.94,0.0,3303.76,0.0,3303.76,679.69
755,262,21,1,813.36,0.2,813.36,162.67,650.69,577.98
756,262,22,2,1087.89,0.1,2175.78,217.58,1958.2,921.33
757,262,40,5,2115.73,0.0,10578.65,0.0,10578.65,1510.42
758,263,16,4,269.92,0.0,1079.68,0.0,1079.68,216.38
759,263,5,5,381.81,0.05,1909.05,95.45,1813.6,270.22
760,264,36,4,1462.33,0.1,5849.32,584.93,5264.39,1205.89
761,264,9,2,145.72,0.15,291.44,43.72,247.72,120.34
762,264,31,2,360.74,0.0,721.48,0.0,721.48,262.76
763,265,39,5,2038.45,0.1,10192.25,1019.23,9173.02,1513.08
764,265,2,3,1363.08,0.1,4089.24,408.92,3680.32,1075.23
765,265,12,5,568.55,0.0,2842.75,0.0,2842.75,438.54
766,265,23,4,222.91,0.0,891.64,0.0,891.64,162.2
767,265,11,5,2412.82,0.0,12064.1,0.0,12064.1,1721.82
768,266,25,5,995.59,0.0,4977.95,0.0,4977.95,730.35
769,266,12,4,568.55,0.2,2274.2,454.84,1819.36,438.54
770,267,13,5,211.85,0.0,1059.25,0.0,1059.25,179.14
771,268,30,2,1801.14,0.0,3602.28,0.0,3602.28,1408.58
772,268,2,4,1363.08,0.15,5452.32,817.85,4634.47,1075.23
773,268,21,4,813.36,0.15,3253.44,488.02,2765.42,577.98
774,269,8,4,2292.95,0.05,9171.8,458.59,8713.21,1687.79
775,269,37,4,740.97,0.1,2963.88,296.39,2667.49,530.68
776,269,32,5,712.51,0.2,3562.55,712.51,2850.04,501.4
777,270,14,2,1542.08,0.05,3084.16,154.21,2929.95,1211.09
778,270,28,1,886.94,0.05,886.94,44.35,842.59,709.38
779,270,39,2,2038.45,0.1,4076.9,407.69,3669.21,1513.08
780,271,5,2,381.81,0.2,763.62,152.72,610.9,270.22
781,271,12,1,568.55,0.0,568.55,0.0,568.55,438.54
782,271,30,2,1801.14,0.05,3602.28,180.11,3422.17,1408.58
783,271,38,2,997.64,0.2,1995.28,399.06,1596.22,802.32
784,272,37,1,740.97,0.2,740.97,148.19,592.78,530.68
785,272,24,2,980.61,0.15,1961.22,294.18,1667.04,811.6
786,273,23,5,222.91,0.0,1114.55,0.0,1114.55,162.2
787,274,2,4,1363.08,0.2,5452.32,1090.46,4361.86,1075.23
788,275,2,1,1363.08,0.0,1363.08,0.0,1363.08,1075.23
789,275,40,2,2115.73,0.2,4231.46,846.29,3385.17,1510.42
790,275,32,5,712.51,0.1,3562.55,356.26,3206.29,501.4
791,276,33,1,945.76,0.0,945.76,0.0,945.76,662.78
792,276,38,5,997.64,0.1,4988.2,498.82,4489.38,802.32
793,276,26,3,492.19,0.0,1476.57,0.0,1476.57,385.51
794,277,31,3,360.74,0.1,1082.22,108.22,974.0,262.76
795,277,24,1,980.61,0.0,980.61,0.0,980.61,811.6
796,277,33,1,945.76,0.05,945.76,47.29,898.47,662.78
797,277,34,1,324.74,0.1,324.74,32.47,292.27,251.56
798,278,3,3,1741.35,0.05,5224.05,261.2,4962.85,1409.31
799,278,27,5,744.67,0.15,3723.35,558.5,3164.85,524.27
800,278,18,5,2383.15,0.15,11915.75,1787.36,10128.39,1650.77
801,278,34,3,324.74,0.0,974.22,0.0,974.22,251.56
802,278,31,2,360.74,0.0,721.48,0.0,721.48,262.76
803,279,37,1,740.97,0.0,740.97,0.0,740.97,530.68
804,279,39,5,2038.45,0.0,10192.25,0.0,10192.25,1513.08
805,279,7,1,241.41,0.0,241.41,0.0,241.41,194.82
806,279,34,5,324.74,0.0,1623.7,0.0,1623.7,251.56
807,279,8,3,2292.95,0.0,6878.85,0.0,6878.85,1687.79
808,280,9,2,145.72,0.15,291.44,43.72,247.72,120.34
809,280,25,2,995.59,0.0,1991.18,0.0,1991.18,730.35
810,281,23,4,222.91,0.0,891.64,0.0,891.64,162.2
811,282,22,4,1087.89,0.15,4351.56,652.73,3698.83,921.33
812,282,13,5,211.85,0.0,1059.25,0.0,1059.25,179.14
813,283,1,1,2039.04,0.0,2039.04,0.0,2039.04,1687.18
814,283,16,2,269.92,0.05,539.84,26.99,512.85,216.38
815,284,36,3,1462.33,0.2,4386.99,877.4,3509.59,1205.89
816,284,6,2,1713.65,0.0,3427.3,0.0,3427.3,1424.12
817,284,2,1,1363.08,0.15,1363.08,204.46,1158.62,1075.23
818,285,9,1,145.72,0.15,145.72,21.86,123.86,120.34
819,286,23,5,222.91,0.0,1114.55,0.0,1114.55,162.2
820,286,19,5,825.94,0.0,4129.7,0.0,4129.7,679.69
821,286,34,3,324.74,0.1,974.22,97.42,876.8,251.56
822,286,9,2,145.72,0.0,291.44,0.0,291.44,120.34
823,287,36,5,1462.33,0.1,7311.65,731.16,6580.49,1205.89
824,287,34,2,324.74,0.1,649.48,64.95,584.53,251.56
825,287,26,4,492.19,0.05,1968.76,98.44,1870.32,385.51
826,287,33,2,945.76,0.1,1891.52,189.15,1702.37,662.78
827,287,11,5,2412.82,0.05,12064.1,603.21,11460.89,1721.82
828,288,30,3,1801.14,0.0,5403.42,0.0,5403.42,1408.58
829,288,33,2,945.76,0.2,1891.52,378.3,1513.22,662.78
830,288,30,1,1801.14,0.0,1801.14,0.0,1801.14,1408.58
831,289,4,3,412.83,0.0,1238.49,0.0,1238.49,340.04
832,290,21,1,813.36,0.0,813.36,0.0,813.36,577.98
833,290,8,2,2292.95,0.2,4585.9,917.18,3668.72,1687.79
834,291,16,4,269.92,0.05,1079.68,53.98,1025.7,216.38
835,291,6,3,1713.65,0.0,5140.95,0.0,5140.95,1424.12
836,291,23,1,222.91,0.05,222.91,11.15,211.76,162.2
837,291,7,3,241.41,0.15,724.23,108.63,615.6,194.82
838,291,10,1,308.63,0.0,308.63,0.0,308.63,259.11
839,292,37,5,740.97,0.0,3704.85,0.0,3704.85,530.68
840,292,15,3,1757.7,0.0,5273.1,0.0,5273.1,1470.08
841,292,18,2,2383.15,0.0,4766.3,0.0,4766.3,1650.77
842,292,7,2,241.41,0.1,482.82,48.28,434.54,194.82
843,293,6,4,1713.65,0.05,6854.6,342.73,6511.87,1424.12
844,293,22,3,1087.89,0.0,3263.67,0.0,3263.67,921.33
845,293,1,1,2039.04,0.2,2039.04,407.81,1631.23,1687.18
846,294,7,1,241.41,0.15,241.41,36.21,205.2,194.82
847,295,1,2,2039.04,0.0,4078.08,0.0,4078.08,1687.18
848,295,15,4,1757.7,0.0,7030.8,0.0,7030.8,1470.08
849,295,31,2,360.74,0.05,721.48,36.07,685.41,262.76
850,296,5,1,381.81,0.05,381.81,19.09,362.72,270.22
851,296,29,2,1964.91,0.0,3929.82,0.0,3929.82,1380.58
852,296,9,5,145.72,0.0,728.6,0.0,728.6,120.34
853,297,11,2,2412.82,0.0,4825.64,0.0,4825.64,1721.82
854,298,33,4,945.76,0.1,3783.04,378.3,3404.74,662.78
855,298,23,5,222.91,0.0,1114.55,0.0,1114.55,162.2
856,298,40,5,2115.73,0.0,10578.65,0.0,10578.65,1510.42
857,298,15,1,1757.7,0.1,1757.7,175.77,1581.93,1470.08
858,298,34,4,324.74,0.0,1298.96,0.0,1298.96,251.56
859,299,40,2,2115.73,0.2,4231.46,846.29,3385.17,1510.42
860,299,16,3,269.92,0.05,809.76,40.49,769.27,216.38
861,299,9,2,145.72,0.2,291.44,58.29,233.15,120.34
862,300,6,4,1713.65,0.1,6854.6,685.46,6169.14,1424.12
863,300,31,1,360.74,0.0,360.74,0.0,360.74,262.76
864,300,15,3,1757.7,0.0,5273.1,0.0,5273.1,1470.08
865,300,3,5,1741.35,0.0,8706.75,0.0,8706.75,1409.31
866,300,3,2,1741.35,0.0,3482.7,0.0,3482.7,1409.31
867,301,13,5,211.85,0.2,1059.25,211.85,847.4,179.14
868,302,19,5,825.94,0.15,4129.7,619.45,3510.25,679.69
869,302,37,2,740.97,0.0,1481.94,0.0,1481.94,530.68
870,303,28,4,886.94,0.0,3547.76,0.0,3547.76,709.38
871,304,5,3,381.81,0.05,1145.43,57.27,1088.16,270.22
872,305,26,1,492.19,0.0,492.19,0.0,492.19,385.51
873,305,22,1,1087.89,0.1,1087.89,108.79,979.1,921.33
874,305,18,3,2383.15,0.0,7149.45,0.0,7149.45,1650.77
875,306,26,1,492.19,0.0,492.19,0.0,492.19,385.51
876,307,39,5,2038.45,0.0,10192.25,0.0,10192.25,1513.08
877,307,8,3,2292.95,0.0,6878.85,0.0,6878.85,1687.79
878,308,32,2,712.51,0.05,1425.02,71.25,1353.77,501.4
879,308,38,1,997.64,0.1,997.64,99.76,897.88,802.32
880,308,23,3,222.91,0.15,668.73,100.31,568.42,162.2
881,309,33,3,945.76,0.2,2837.28,567.46,2269.82,662.78
882,309,1,3,2039.04,0.2,6117.12,1223.42,4893.7,1687.18
883,309,30,5,1801.14,0.2,9005.7,1801.14,7204.56,1408.58
884,309,31,1,360.74,0.0,360.74,0.0,360.74,262.76
885,310,28,5,886.94,0.0,4434.7,0.0,4434.7,709.38
886,311,27,3,744.67,0.1,2234.01,223.4,2010.61,524.27
887,311,1,4,2039.04,0.0,8156.16,0.0,8156.16,1687.18
888,311,25,4,995.59,0.2,3982.36,796.47,3185.89,730.35
889,311,25,2,995.59,0.0,1991.18,0.0,1991.18,730.35
890,312,18,5,2383.15,0.0,11915.75,0.0,11915.75,1650.77
891,312,29,1,1964.91,0.0,1964.91,0.0,1964.91,1380.58
892,312,26,1,492.19,0.15,492.19,73.83,418.36,385.51
893,313,40,3,2115.73,0.0,6347.19,0.0,6347.19,1510.42
894,313,34,5,324.74,0.1,1623.7,162.37,1461.33,251.56
895,314,6,3,1713.65,0.05,5140.95,257.05,4883.9,1424.12
896,314,16,1,269.92,0.0,269.92,0.0,269.92,216.38
897,315,22,3,1087.89,0.15,3263.67,489.55,2774.12,921.33
898,315,6,1,1713.65,0.05,1713.65,85.68,1627.97,1424.12
899,315,25,4,995.59,0.15,3982.36,597.35,3385.01,730.35
900,315,26,1,492.19,0.05,492.19,24.61,467.58,385.51
901,315,37,1,740.97,0.2,740.97,148.19,592.78,530.68
902,316,3,5,1741.35,0.0,8706.75,0.0,8706.75,1409.31
903,316,32,5,712.51,0.05,3562.55,178.13,3384.42,501.4
904,316,4,4,412.83,0.0,1651.32,0.0,1651.32,340.04
905,316,38,3,997.64,0.0,2992.92,0.0,2992.92,802.32
906,317,10,3,308.63,0.15,925.89,138.88,787.01,259.11
907,317,22,1,1087.89,0.0,1087.89,0.0,1087.89,921.33
908,318,3,2,1741.35,0.05,3482.7,174.13,3308.57,1409.31
909,318,17,4,338.33,0.0,1353.32,0.0,1353.32,242.7
910,318,31,3,360.74,0.15,1082.22,162.33,919.89,262.76
911,318,28,4,886.94,0.0,3547.76,0.0,3547.76,709.38
912,318,39,5,2038.45,0.15,10192.25,1528.84,8663.41,1513.08
913,319,14,4,1542.08,0.2,6168.32,1233.66,4934.66,1211.09
914,319,4,1,412.83,0.0,412.83,0.0,412.83,340.04
915,320,36,1,1462.33,0.15,1462.33,219.35,1242.98,1205.89
916,321,9,2,145.72,0.15,291.44,43.72,247.72,120.34
917,321,23,5,222.91,0.1,1114.55,111.45,1003.1,162.2
918,321,38,2,997.64,0.15,1995.28,299.29,1695.99,802.32
919,322,16,3,269.92,0.0,809.76,0.0,809.76,216.38
920,322,32,3,712.51,0.15,2137.53,320.63,1816.9,501.4
921,322,37,5,740.97,0.2,3704.85,740.97,2963.88,530.68
922,322,6,4,1713.65,0.0,6854.6,0.0,6854.6,1424.12
923,322,3,4,1741.35,0.0,6965.4,0.0,6965.4,1409.31
924,323,35,1,1255.81,0.05,1255.81,62.79,1193.02,944.57
925,323,15,1,1757.7,0.2,1757.7,351.54,1406.16,1470.08
926,324,10,3,308.63,0.05,925.89,46.29,879.6,259.11
927,325,31,4,360.74,0.2,1442.96,288.59,1154.37,262.76
928,325,5,1,381.81,0.15,381.81,57.27,324.54,270.22
929,325,15,3,1757.7,0.2,5273.1,1054.62,4218.48,1470.08
930,325,13,1,211.85,0.15,211.85,31.78,180.07,179.14
931,326,9,3,145.72,0.0,437.16,0.0,437.16,120.34
932,326,14,5,1542.08,0.0,7710.4,0.0,7710.4,1211.09
933,326,12,5,568.55,0.0,2842.75,0.0,2842.75,438.54
934,326,21,1,813.36,0.15,813.36,122.0,691.36,577.98
935,326,26,1,492.19,0.2,492.19,98.44,393.75,385.51
936,327,32,3,712.51,0.0,2137.53,0.0,2137.53,501.4
937,328,24,2,980.61,0.0,1961.22,0.0,1961.22,811.6
938,329,23,2,222.91,0.0,445.82,0.0,445.82,162.2
939,329,37,2,740.97,0.0,1481.94,0.0,1481.94,530.68
940,329,30,4,1801.14,0.0,7204.56,0.0,7204.56,1408.58
941,329,5,3,381.81,0.15,1145.43,171.81,973.62,270.22
942,329,1,1,2039.04,0.2,2039.04,407.81,1631.23,1687.18
943,330,1,3,2039.04,0.0,6117.12,0.0,6117.12,1687.18
944,330,19,2,825.94,0.15,1651.88,247.78,1404.1,679.69
945,330,33,4,945.76,0.1,3783.04,378.3,3404.74,662.78
946,330,34,2,324.74,0.15,649.48,97.42,552.06,251.56
947,330,17,2,338.33,0.0,676.66,0.0,676.66,242.7
948,331,30,5,1801.14,0.15,9005.7,1350.86,7654.84,1408.58
949,331,37,5,740.97,0.1,3704.85,370.49,3334.36,530.68
950,332,16,2,269.92,0.1,539.84,53.98,485.86,216.38
951,332,20,2,2122.46,0.2,4244.92,848.98,3395.94,1580.72
952,332,30,3,1801.14,0.0,5403.42,0.0,5403.42,1408.58
953,332,35,4,1255.81,0.2,5023.24,1004.65,4018.59,944.57
954,332,1,1,2039.04,0.0,2039.04,0.0,2039.04,1687.18
955,333,18,1,2383.15,0.15,2383.15,357.47,2025.68,1650.77
956,333,29,2,1964.91,0.0,3929.82,0.0,3929.82,1380.58
957,334,12,1,568.55,0.0,568.55,0.0,568.55,438.54
958,335,12,1,568.55,0.2,568.55,113.71,454.84,438.54
959,335,32,3,712.51,0.1,2137.53,213.75,1923.78,501.4
960,335,4,3,412.83,0.2,1238.49,247.7,990.79,340.04
961,335,35,2,1255.81,0.0,2511.62,0.0,2511.62,944.57
962,335,24,5,980.61,0.1,4903.05,490.31,4412.74,811.6
963,336,26,4,492.19,0.0,1968.76,0.0,1968.76,385.51
964,336,35,4,1255.81,0.15,5023.24,753.49,4269.75,944.57
965,336,39,4,2038.45,0.0,8153.8,0.0,8153.8,1513.08
966,337,33,5,945.76,0.0,4728.8,0.0,4728.8,662.78
967,337,7,4,241.41,0.15,965.64,144.85,820.79,194.82
968,337,34,3,324.74,0.1,974.22,97.42,876.8,251.56
969,338,5,1,381.81,0.15,381.81,57.27,324.54,270.22
970,338,27,3,744.67,0.0,2234.01,0.0,2234.01,524.27
971,339,31,3,360.74,0.2,1082.22,216.44,865.78,262.76
972,339,36,1,1462.33,0.0,1462.33,0.0,1462.33,1205.89
973,339,17,2,338.33,0.0,676.66,0.0,676.66,242.7
974,340,3,4,1741.35,0.0,6965.4,0.0,6965.4,1409.31
975,340,37,1,740.97,0.05,740.97,37.05,703.92,530.68
976,340,28,4,886.94,0.1,3547.76,354.78,3192.98,709.38
977,340,20,3,2122.46,0.0,6367.38,0.0,6367.38,1580.72
978,340,1,1,2039.04,0.1,2039.04,203.9,1835.14,1687.18
979,341,5,4,381.81,0.2,1527.24,305.45,1221.79,270.22
980,341,30,3,1801.14,0.2,5403.42,1080.68,4322.74,1408.58
981,341,33,5,945.76,0.0,4728.8,0.0,4728.8,662.78
982,341,16,3,269.92,0.0,809.76,0.0,809.76,216.38
983,341,20,1,2122.46,0.15,2122.46,318.37,1804.09,1580.72
984,342,31,3,360.74,0.2,1082.22,216.44,865.78,262.76
985,343,32,5,712.51,0.0,3562.55,0.0,3562.55,501.4
986,344,27,5,744.67,0.1,3723.35,372.34,3351.01,524.27
987,344,16,5,269.92,0.0,1349.6,0.0,1349.6,216.38
988,345,26,5,492.19,0.0,2460.95,0.0,2460.95,385.51
989,345,28,2,886.94,0.0,1773.88,0.0,1773.88,709.38
990,345,29,2,1964.91,0.2,3929.82,785.96,3143.86,1380.58
991,346,1,4,2039.04,0.0,8156.16,0.0,8156.16,1687.18
992,346,38,4,997.64,0.1,3990.56,399.06,3591.5,802.32
993,346,15,5,1757.7,0.15,8788.5,1318.27,7470.23,1470.08
994,347,23,4,222.91,0.05,891.64,44.58,847.06,162.2
995,347,30,1,1801.14,0.1,1801.14,180.11,1621.03,1408.58
996,347,18,2,2383.15,0.05,4766.3,238.32,4527.98,1650.77
997,347,8,5,2292.95,0.0,11464.75,0.0,11464.75,1687.79
998,347,36,2,1462.33,0.05,2924.66,146.23,2778.43,1205.89
999,348,6,3,1713.65,0.15,5140.95,771.14,4369.81,1424.12
1000,349,21,1,813.36,0.15,813.36,122.0,691.36,577.98
1001,349,1,5,2039.04,0.15,10195.2,1529.28,8665.92,1687.18
1002,350,37,5,740.97,0.05,3704.85,185.24,3519.61,530.68
1003,350,7,5,241.41,0.2,1207.05,241.41,965.64,194.82
1004,350,22,1,1087.89,0.0,1087.89,0.0,1087.89,921.33
1005,350,12,1,568.55,0.2,568.55,113.71,454.84,438.54
1006,350,20,2,2122.46,0.15,4244.92,636.74,3608.18,1580.72
1007,351,22,2,1087.89,0.15,2175.78,326.37,1849.41,921.33
1008,351,10,2,308.63,0.0,617.26,0.0,617.26,259.11
1009,351,3,4,1741.35,0.15,6965.4,1044.81,5920.59,1409.31
1010,351,21,4,813.36,0.2,3253.44,650.69,2602.75,577.98
1011,351,24,4,980.61,0.05,3922.44,196.12,3726.32,811.6
1012,352,11,3,2412.82,0.0,7238.46,0.0,7238.46,1721.82
1013,352,40,3,2115.73,0.05,6347.19,317.36,6029.83,1510.42
1014,352,25,4,995.59,0.0,3982.36,0.0,3982.36,730.35
1015,352,40,1,2115.73,0.05,2115.73,105.79,2009.94,1510.42
1016,352,12,1,568.55,0.1,568.55,56.85,511.7,438.54
1017,353,24,4,980.61,0.0,3922.44,0.0,3922.44,811.6
1018,354,19,5,825.94,0.0,4129.7,0.0,4129.7,679.69
1019,354,6,1,1713.65,0.0,1713.65,0.0,1713.65,1424.12
1020,354,15,3,1757.7,0.0,5273.1,0.0,5273.1,1470.08
1021,355,37,2,740.97,0.2,1481.94,296.39,1185.55,530.68
1022,356,36,2,1462.33,0.05,2924.66,146.23,2778.43,1205.89
1023,356,20,5,2122.46,0.1,10612.3,1061.23,9551.07,1580.72
1024,356,8,1,2292.95,0.1,2292.95,229.29,2063.66,1687.79
1025,356,26,4,492.19,0.0,1968.76,0.0,1968.76,385.51
1026,357,31,1,360.74,0.15,360.74,54.11,306.63,262.76
1027,357,11,3,2412.82,0.0,7238.46,0.0,7238.46,1721.82
1028,358,5,5,381.81,0.0,1909.05,0.0,1909.05,270.22
1029,358,7,4,241.41,0.0,965.64,0.0,965.64,194.82
1030,358,25,2,995.59,0.2,1991.18,398.24,1592.94,730.35
1031,358,6,5,1713.65,0.0,8568.25,0.0,8568.25,1424.12
1032,359,36,1,1462.33,0.0,1462.33,0.0,1462.33,1205.89
1033,359,35,2,1255.81,0.1,2511.62,251.16,2260.46,944.57
1034,359,8,4,2292.95,0.0,9171.8,0.0,9171.8,1687.79
1035,359,2,4,1363.08,0.05,5452.32,272.62,5179.7,1075.23
1036,360,34,4,324.74,0.0,1298.96,0.0,1298.96,251.56
1037,360,29,5,1964.91,0.05,9824.55,491.23,9333.32,1380.58
1038,360,4,2,412.83,0.0,825.66,0.0,825.66,340.04
1039,360,19,1,825.94,0.0,825.94,0.0,825.94,679.69
1040,360,20,4,2122.46,0.0,8489.84,0.0,8489.84,1580.72
1041,361,39,4,2038.45,0.2,8153.8,1630.76,6523.04,1513.08
1042,361,39,2,2038.45,0.1,4076.9,407.69,3669.21,1513.08
1043,361,35,4,1255.81,0.15,5023.24,753.49,4269.75,944.57
1044,361,19,2,825.94,0.1,1651.88,165.19,1486.69,679.69
1045,361,37,1,740.97,0.0,740.97,0.0,740.97,530.68
1046,362,27,5,744.67,0.1,3723.35,372.34,3351.01,524.27
1047,362,35,4,1255.81,0.0,5023.24,0.0,5023.24,944.57
1048,362,12,3,568.55,0.15,1705.65,255.85,1449.8,438.54
1049,363,40,1,2115.73,0.0,2115.73,0.0,2115.73,1510.42
1050,364,1,3,2039.04,0.0,6117.12,0.0,6117.12,1687.18
1051,364,18,3,2383.15,0.05,7149.45,357.47,6791.98,1650.77
1052,364,40,1,2115.73,0.0,2115.73,0.0,2115.73,1510.42
1053,364,15,1,1757.7,0.0,1757.7,0.0,1757.7,1470.08
1054,365,25,4,995.59,0.05,3982.36,199.12,3783.24,730.35
1055,365,30,2,1801.14,0.05,3602.28,180.11,3422.17,1408.58
1056,365,3,5,1741.35,0.0,8706.75,0.0,8706.75,1409.31
1057,365,4,2,412.83,0.15,825.66,123.85,701.81,340.04
1058,366,8,5,2292.95,0.2,11464.75,2292.95,9171.8,1687.79
1059,366,38,5,997.64,0.15,4988.2,748.23,4239.97,802.32
1060,366,6,3,1713.65,0.0,5140.95,0.0,5140.95,1424.12
1061,367,7,2,241.41,0.0,482.82,0.0,482.82,194.82
1062,367,6,5,1713.65,0.2,8568.25,1713.65,6854.6,1424.12
1063,367,26,5,492.19,0.0,2460.95,0.0,2460.95,385.51
1064,368,4,4,412.83,0.2,1651.32,330.26,1321.06,340.04
1065,368,23,4,222.91,0.15,891.64,133.75,757.89,162.2
1066,368,3,1,1741.35,0.15,1741.35,261.2,1480.15,1409.31
1067,368,11,2,2412.82,0.2,4825.64,965.13,3860.51,1721.82
1068,369,40,1,2115.73,0.05,2115.73,105.79,2009.94,1510.42
1069,369,40,3,2115.73,0.1,6347.19,634.72,5712.47,1510.42
1070,369,26,4,492.19,0.0,1968.76,0.0,1968.76,385.51
1071,369,7,1,241.41,0.0,241.41,0.0,241.41,194.82
1072,370,38,3,997.64,0.05,2992.92,149.65,2843.27,802.32
1073,370,19,4,825.94,0.15,3303.76,495.56,2808.2,679.69
1074,371,29,3,1964.91,0.0,5894.73,0.0,5894.73,1380.58
1075,371,26,2,492.19,0.05,984.38,49.22,935.16,385.51
1076,371,34,4,324.74,0.15,1298.96,194.84,1104.12,251.56
1077,371,26,3,492.19,0.0,1476.57,0.0,1476.57,385.51
1078,371,38,4,997.64,0.0,3990.56,0.0,3990.56,802.32
1079,372,12,2,568.55,0.1,1137.1,113.71,1023.39,438.54
1080,373,37,1,740.97,0.15,740.97,111.15,629.82,530.68
1081,374,2,2,1363.08,0.0,2726.16,0.0,2726.16,1075.23
1082,374,34,5,324.74,0.0,1623.7,0.0,1623.7,251.56
1083,374,6,1,1713.65,0.2,1713.65,342.73,1370.92,1424.12
1084,374,10,5,308.63,0.2,1543.15,308.63,1234.52,259.11
1085,375,25,2,995.59,0.0,1991.18,0.0,1991.18,730.35
1086,376,36,4,1462.33,0.0,5849.32,0.0,5849.32,1205.89
1087,376,7,4,241.41,0.2,965.64,193.13,772.51,194.82
1088,376,20,5,2122.46,0.05,10612.3,530.62,10081.68,1580.72
1089,377,2,3,1363.08,0.0,4089.24,0.0,4089.24,1075.23
1090,377,23,3,222.91,0.05,668.73,33.44,635.29,162.2
1091,378,30,1,1801.14,0.15,1801.14,270.17,1530.97,1408.58
1092,378,38,3,997.64,0.2,2992.92,598.58,2394.34,802.32
1093,379,23,3,222.91,0.0,668.73,0.0,668.73,162.2
1094,379,36,5,1462.33,0.0,7311.65,0.0,7311.65,1205.89
1095,379,27,1,744.67,0.0,744.67,0.0,744.67,524.27
1096,380,17,5,338.33,0.05,1691.65,84.58,1607.07,242.7
1097,381,32,1,712.51,0.15,712.51,106.88,605.63,501.4
1098,381,22,1,1087.89,0.1,1087.89,108.79,979.1,921.33
1099,381,17,4,338.33,0.0,1353.32,0.0,1353.32,242.7
1100,381,4,5,412.83,0.2,2064.15,412.83,1651.32,340.04
1101,381,7,3,241.41,0.0,724.23,0.0,724.23,194.82
1102,382,7,3,241.41,0.0,724.23,0.0,724.23,194.82
1103,382,9,5,145.72,0.0,728.6,0.0,728.6,120.34
1104,382,37,4,740.97,0.0,2963.88,0.0,2963.88,530.68
1105,382,13,3,211.85,0.0,635.55,0.0,635.55,179.14
1106,383,23,3,222.91,0.15,668.73,100.31,568.42,162.2
1107,383,17,4,338.33,0.0,1353.32,0.0,1353.32,242.7
1108,384,14,5,1542.08,0.0,7710.4,0.0,7710.4,1211.09
1109,384,6,1,1713.65,0.0,1713.65,0.0,1713.65,1424.12
1110,384,40,4,2115.73,0.1,8462.92,846.29,7616.63,1510.42
1111,385,16,5,269.92,0.15,1349.6,202.44,1147.16,216.38
1112,386,9,5,145.72,0.1,728.6,72.86,655.74,120.34
1113,386,20,5,2122.46,0.1,10612.3,1061.23,9551.07,1580.72
1114,386,27,1,744.67,0.05,744.67,37.23,707.44,524.27
1115,387,30,3,1801.14,0.15,5403.42,810.51,4592.91,1408.58
1116,387,40,3,2115.73,0.15,6347.19,952.08,5395.11,1510.42
1117,387,37,2,740.97,0.15,1481.94,222.29,1259.65,530.68
1118,387,14,4,1542.08,0.1,6168.32,616.83,5551.49,1211.09
1119,388,37,1,740.97,0.1,740.97,74.1,666.87,530.68
1120,388,21,4,813.36,0.15,3253.44,488.02,2765.42,577.98
1121,388,37,1,740.97,0.0,740.97,0.0,740.97,530.68
1122,389,9,1,145.72,0.0,145.72,0.0,145.72,120.34
1123,389,16,1,269.92,0.0,269.92,0.0,269.92,216.38
1124,390,40,3,2115.73,0.0,6347.19,0.0,6347.19,1510.42
1125,390,16,5,269.92,0.15,1349.6,202.44,1147.16,216.38
1126,390,36,5,1462.33,0.1,7311.65,731.16,6580.49,1205.89
1127,390,19,3,825.94,0.15,2477.82,371.67,2106.15,679.69
1128,391,18,5,2383.15,0.15,11915.75,1787.36,10128.39,1650.77
1129,391,38,1,997.64,0.05,997.64,49.88,947.76,802.32
1130,391,17,1,338.33,0.0,338.33,0.0,338.33,242.7
1131,391,6,2,1713.65,0.0,3427.3,0.0,3427.3,1424.12
1132,391,16,1,269.92,0.2,269.92,53.98,215.94,216.38
1133,392,33,2,945.76,0.0,1891.52,0.0,1891.52,662.78
1134,392,21,4,813.36,0.1,3253.44,325.34,2928.1,577.98
1135,392,21,2,813.36,0.05,1626.72,81.34,1545.38,577.98
1136,393,17,3,338.33,0.0,1014.99,0.0,1014.99,242.7
1137,393,39,5,2038.45,0.15,10192.25,1528.84,8663.41,1513.08
1138,393,29,4,1964.91,0.05,7859.64,392.98,7466.66,1380.58
1139,393,19,2,825.94,0.05,1651.88,82.59,1569.29,679.69
1140,394,34,5,324.74,0.1,1623.7,162.37,1461.33,251.56
1141,394,37,5,740.97,0.0,3704.85,0.0,3704.85,530.68
1142,394,17,1,338.33,0.0,338.33,0.0,338.33,242.7
1143,394,34,3,324.74,0.05,974.22,48.71,925.51,251.56
1144,394,32,5,712.51,0.0,3562.55,0.0,3562.55,501.4
1145,395,36,3,1462.33,0.2,4386.99,877.4,3509.59,1205.89
1146,395,39,2,2038.45,0.0,4076.9,0.0,4076.9,1513.08
1147,396,22,1,1087.89,0.15,1087.89,163.18,924.71,921.33
1148,397,18,4,2383.15,0.0,9532.6,0.0,9532.6,1650.77
1149,398,27,2,744.67,0.2,1489.34,297.87,1191.47,524.27
1150,398,16,1,269.92,0.2,269.92,53.98,215.94,216.38
1151,398,23,5,222.91,0.1,1114.55,111.45,1003.1,162.2
1152,399,9,4,145.72,0.1,582.88,58.29,524.59,120.34
1153,400,30,5,1801.14,0.0,9005.7,0.0,9005.7,1408.58
1154,400,37,1,740.97,0.0,740.97,0.0,740.97,530.68
1155,400,19,3,825.94,0.15,2477.82,371.67,2106.15,679.69
1156,400,34,4,324.74,0.05,1298.96,64.95,1234.01,251.56
1157,401,18,2,2383.15,0.1,4766.3,476.63,4289.67,1650.77
1158,402,13,3,211.85,0.0,635.55,0.0,635.55,179.14
1159,402,13,5,211.85,0.1,1059.25,105.93,953.32,179.14
1160,402,3,4,1741.35,0.0,6965.4,0.0,6965.4,1409.31
1161,402,11,5,2412.82,0.2,12064.1,2412.82,9651.28,1721.82
1162,402,14,5,1542.08,0.15,7710.4,1156.56,6553.84,1211.09
1163,403,24,5,980.61,0.15,4903.05,735.46,4167.59,811.6
1164,404,29,4,1964.91,0.2,7859.64,1571.93,6287.71,1380.58
1165,404,8,5,2292.95,0.15,11464.75,1719.71,9745.04,1687.79
1166,404,13,4,211.85,0.2,847.4,169.48,677.92,179.14
1167,405,33,2,945.76,0.15,1891.52,283.73,1607.79,662.78
1168,406,34,5,324.74,0.2,1623.7,324.74,1298.96,251.56
1169,406,33,5,945.76,0.15,4728.8,709.32,4019.48,662.78
1170,407,6,2,1713.65,0.0,3427.3,0.0,3427.3,1424.12
1171,407,24,1,980.61,0.0,980.61,0.0,980.61,811.6
1172,408,15,2,1757.7,0.2,3515.4,703.08,2812.32,1470.08
1173,408,24,5,980.61,0.15,4903.05,735.46,4167.59,811.6
1174,408,17,5,338.33,0.0,1691.65,0.0,1691.65,242.7
1175,408,36,4,1462.33,0.0,5849.32,0.0,5849.32,1205.89
1176,409,37,5,740.97,0.0,3704.85,0.0,3704.85,530.68
1177,409,28,3,886.94,0.1,2660.82,266.08,2394.74,709.38
1178,409,24,2,980.61,0.0,1961.22,0.0,1961.22,811.6
1179,409,3,3,1741.35,0.15,5224.05,783.61,4440.44,1409.31
1180,409,4,5,412.83,0.15,2064.15,309.62,1754.53,340.04
1181,410,18,2,2383.15,0.0,4766.3,0.0,4766.3,1650.77
1182,410,32,1,712.51,0.0,712.51,0.0,712.51,501.4
1183,411,16,3,269.92,0.0,809.76,0.0,809.76,216.38
1184,411,12,4,568.55,0.05,2274.2,113.71,2160.49,438.54
1185,411,21,5,813.36,0.15,4066.8,610.02,3456.78,577.98
1186,411,39,4,2038.45,0.0,8153.8,0.0,8153.8,1513.08
1187,412,8,5,2292.95,0.0,11464.75,0.0,11464.75,1687.79
1188,413,12,3,568.55,0.15,1705.65,255.85,1449.8,438.54
1189,413,24,1,980.61,0.0,980.61,0.0,980.61,811.6
1190,413,13,5,211.85,0.2,1059.25,211.85,847.4,179.14
1191,413,30,5,1801.14,0.0,9005.7,0.0,9005.7,1408.58
1192,414,23,5,222.91,0.0,1114.55,0.0,1114.55,162.2
1193,414,39,5,2038.45,0.0,10192.25,0.0,10192.25,1513.08
1194,414,17,5,338.33,0.0,1691.65,0.0,1691.65,242.7
1195,415,26,1,492.19,0.0,492.19,0.0,492.19,385.51
1196,415,23,4,222.91,0.0,891.64,0.0,891.64,162.2
1197,415,28,3,886.94,0.15,2660.82,399.12,2261.7,709.38
1198,416,31,4,360.74,0.0,1442.96,0.0,1442.96,262.76
1199,416,16,2,269.92,0.15,539.84,80.98,458.86,216.38
1200,416,27,5,744.67,0.1,3723.35,372.34,3351.01,524.27
1201,416,16,3,269.92,0.2,809.76,161.95,647.81,216.38
1202,416,9,3,145.72,0.0,437.16,0.0,437.16,120.34
1203,417,7,4,241.41,0.2,965.64,193.13,772.51,194.82
1204,417,3,1,1741.35,0.15,1741.35,261.2,1480.15,1409.31
1205,417,38,4,997.64,0.15,3990.56,598.58,3391.98,802.32
1206,417,21,1,813.36,0.0,813.36,0.0,813.36,577.98
1207,417,16,3,269.92,0.0,809.76,0.0,809.76,216.38
1208,418,40,4,2115.73,0.05,8462.92,423.15,8039.77,1510.42
1209,419,4,4,412.83,0.0,1651.32,0.0,1651.32,340.04
1210,419,22,2,1087.89,0.1,2175.78,217.58,1958.2,921.33
1211,419,23,2,222.91,0.1,445.82,44.58,401.24,162.2
1212,419,29,3,1964.91,0.0,5894.73,0.0,5894.73,1380.58
1213,420,39,3,2038.45,0.0,6115.35,0.0,6115.35,1513.08
1214,420,15,2,1757.7,0.0,3515.4,0.0,3515.4,1470.08
1215,421,17,3,338.33,0.05,1014.99,50.75,964.24,242.7
1216,421,11,1,2412.82,0.05,2412.82,120.64,2292.18,1721.82
1217,422,8,1,2292.95,0.0,2292.95,0.0,2292.95,1687.79
1218,422,29,3,1964.91,0.0,5894.73,0.0,5894.73,1380.58
1219,423,20,4,2122.46,0.05,8489.84,424.49,8065.35,1580.72
1220,423,34,3,324.74,0.2,974.22,194.84,779.38,251.56
1221,423,27,1,744.67,0.1,744.67,74.47,670.2,524.27
1222,423,29,2,1964.91,0.1,3929.82,392.98,3536.84,1380.58
1223,423,13,1,211.85,0.1,211.85,21.19,190.66,179.14
1224,424,11,1,2412.82,0.0,2412.82,0.0,2412.82,1721.82
1225,425,32,4,712.51,0.0,2850.04,0.0,2850.04,501.4
1226,425,28,1,886.94,0.1,886.94,88.69,798.25,709.38
1227,425,20,3,2122.46,0.0,6367.38,0.0,6367.38,1580.72
1228,426,36,1,1462.33,0.1,1462.33,146.23,1316.1,1205.89
1229,426,37,2,740.97,0.0,1481.94,0.0,1481.94,530.68
1230,426,17,2,338.33,0.1,676.66,67.67,608.99,242.7
1231,426,8,4,2292.95,0.0,9171.8,0.0,9171.8,1687.79
1232,426,29,3,1964.91,0.0,5894.73,0.0,5894.73,1380.58
1233,427,38,4,997.64,0.0,3990.56,0.0,3990.56,802.32
1234,427,40,2,2115.73,0.2,4231.46,846.29,3385.17,1510.42
1235,427,35,3,1255.81,0.2,3767.43,753.49,3013.94,944.57
1236,427,20,5,2122.46,0.2,10612.3,2122.46,8489.84,1580.72
1237,427,36,1,1462.33,0.15,1462.33,219.35,1242.98,1205.89
1238,428,22,5,1087.89,0.0,5439.45,0.0,5439.45,921.33
1239,428,1,2,2039.04,0.0,4078.08,0.0,4078.08,1687.18
1240,428,10,5,308.63,0.2,1543.15,308.63,1234.52,259.11
1241,428,34,1,324.74,0.1,324.74,32.47,292.27,251.56
1242,428,35,3,1255.81,0.1,3767.43,376.74,3390.69,944.57
1243,429,39,4,2038.45,0.0,8153.8,0.0,8153.8,1513.08
1244,430,8,3,2292.95,0.0,6878.85,0.0,6878.85,1687.79
1245,431,40,1,2115.73,0.0,2115.73,0.0,2115.73,1510.42
1246,432,15,1,1757.7,0.0,1757.7,0.0,1757.7,1470.08
1247,433,22,4,1087.89,0.15,4351.56,652.73,3698.83,921.33
1248,433,6,1,1713.65,0.0,1713.65,0.0,1713.65,1424.12
1249,433,12,5,568.55,0.0,2842.75,0.0,2842.75,438.54
1250,433,26,4,492.19,0.2,1968.76,393.75,1575.01,385.51
1251,434,14,5,1542.08,0.1,7710.4,771.04,6939.36,1211.09
1252,435,24,1,980.61,0.0,980.61,0.0,980.61,811.6
1253,435,4,4,412.83,0.2,1651.32,330.26,1321.06,340.04
1254,436,27,1,744.67,0.05,744.67,37.23,707.44,524.27
1255,437,19,4,825.94,0.15,3303.76,495.56,2808.2,679.69
1256,437,12,3,568.55,0.05,1705.65,85.28,1620.37,438.54
1257,437,24,5,980.61,0.0,4903.05,0.0,4903.05,811.6
1258,437,12,5,568.55,0.2,2842.75,568.55,2274.2,438.54
1259,438,23,5,222.91,0.2,1114.55,222.91,891.64,162.2
1260,438,36,2,1462.33,0.0,2924.66,0.0,2924.66,1205.89
1261,438,38,1,997.64,0.05,997.64,49.88,947.76,802.32
1262,438,39,5,2038.45,0.0,10192.25,0.0,10192.25,1513.08
1263,439,38,2,997.64,0.15,1995.28,299.29,1695.99,802.32
1264,439,14,1,1542.08,0.0,1542.08,0.0,1542.08,1211.09
1265,439,37,2,740.97,0.05,1481.94,74.1,1407.84,530.68
1266,439,3,3,1741.35,0.1,5224.05,522.41,4701.64,1409.31
1267,439,24,4,980.61,0.05,3922.44,196.12,3726.32,811.6
1268,440,15,5,1757.7,0.0,8788.5,0.0,8788.5,1470.08
1269,440,24,4,980.61,0.0,3922.44,0.0,3922.44,811.6
1270,440,40,2,2115.73,0.0,4231.46,0.0,4231.46,1510.42
1271,440,32,2,712.51,0.1,1425.02,142.5,1282.52,501.4
1272,441,15,4,1757.7,0.2,7030.8,1406.16,5624.64,1470.08
1273,442,31,2,360.74,0.15,721.48,108.22,613.26,262.76
1274,442,9,3,145.72,0.05,437.16,21.86,415.3,120.34
1275,442,15,1,1757.7,0.2,1757.7,351.54,1406.16,1470.08
1276,442,5,2,381.81,0.0,763.62,0.0,763.62,270.22
1277,443,29,1,1964.91,0.0,1964.91,0.0,1964.91,1380.58
1278,444,34,4,324.74,0.05,1298.96,64.95,1234.01,251.56
1279,444,5,5,381.81,0.0,1909.05,0.0,1909.05,270.22
1280,445,20,3,2122.46,0.05,6367.38,318.37,6049.01,1580.72
1281,445,13,3,211.85,0.1,635.55,63.55,572.0,179.14
1282,445,20,1,2122.46,0.0,2122.46,0.0,2122.46,1580.72
1283,446,20,4,2122.46,0.2,8489.84,1697.97,6791.87,1580.72
1284,446,29,3,1964.91,0.2,5894.73,1178.95,4715.78,1380.58
1285,446,32,3,712.51,0.2,2137.53,427.51,1710.02,501.4
1286,446,35,3,1255.81,0.2,3767.43,753.49,3013.94,944.57
1287,446,2,2,1363.08,0.2,2726.16,545.23,2180.93,1075.23
1288,447,12,2,568.55,0.15,1137.1,170.56,966.54,438.54
1289,447,3,4,1741.35,0.0,6965.4,0.0,6965.4,1409.31
1290,447,29,4,1964.91,0.0,7859.64,0.0,7859.64,1380.58
1291,448,38,2,997.64,0.2,1995.28,399.06,1596.22,802.32
1292,448,21,1,813.36,0.1,813.36,81.34,732.02,577.98
1293,448,19,3,825.94,0.1,2477.82,247.78,2230.04,679.69
1294,449,14,3,1542.08,0.0,4626.24,0.0,4626.24,1211.09
1295,449,5,4,381.81,0.0,1527.24,0.0,1527.24,270.22
1296,449,14,2,1542.08,0.0,3084.16,0.0,3084.16,1211.09
1297,449,29,3,1964.91,0.05,5894.73,294.74,5599.99,1380.58
1298,450,15,1,1757.7,0.1,1757.7,175.77,1581.93,1470.08
1299,450,13,2,211.85,0.15,423.7,63.55,360.15,179.14
1300,450,1,2,2039.04,0.1,4078.08,407.81,3670.27,1687.18
1301,450,25,3,995.59,0.0,2986.77,0.0,2986.77,730.35
1302,451,39,5,2038.45,0.1,10192.25,1019.23,9173.02,1513.08
1303,451,35,2,1255.81,0.15,2511.62,376.74,2134.88,944.57
1304,451,34,4,324.74,0.1,1298.96,129.9,1169.06,251.56
1305,451,3,4,1741.35,0.05,6965.4,348.27,6617.13,1409.31
1306,452,2,2,1363.08,0.0,2726.16,0.0,2726.16,1075.23
1307,453,6,1,1713.65,0.0,1713.65,0.0,1713.65,1424.12
1308,454,38,2,997.64,0.2,1995.28,399.06,1596.22,802.32
1309,455,36,1,1462.33,0.2,1462.33,292.47,1169.86,1205.89
1310,455,30,5,1801.14,0.1,9005.7,900.57,8105.13,1408.58
1311,455,19,2,825.94,0.2,1651.88,330.38,1321.5,679.69
1312,455,14,5,1542.08,0.0,7710.4,0.0,7710.4,1211.09
1313,456,33,2,945.76,0.0,1891.52,0.0,1891.52,662.78
1314,456,30,4,1801.14,0.2,7204.56,1440.91,5763.65,1408.58
1315,456,21,1,813.36,0.15,813.36,122.0,691.36,577.98
1316,457,34,5,324.74,0.15,1623.7,243.56,1380.14,251.56
1317,457,14,3,1542.08,0.0,4626.24,0.0,4626.24,1211.09
1318,457,27,2,744.67,0.05,1489.34,74.47,1414.87,524.27
1319,457,24,1,980.61,0.0,980.61,0.0,980.61,811.6
1320,457,28,4,886.94,0.15,3547.76,532.16,3015.6,709.38
1321,458,2,2,1363.08,0.05,2726.16,136.31,2589.85,1075.23
1322,458,29,4,1964.91,0.2,7859.64,1571.93,6287.71,1380.58
1323,458,23,2,222.91,0.05,445.82,22.29,423.53,162.2
1324,459,13,2,211.85,0.0,423.7,0.0,423.7,179.14
1325,459,17,3,338.33,0.05,1014.99,50.75,964.24,242.7
1326,459,24,2,980.61,0.0,1961.22,0.0,1961.22,811.6
1327,460,7,5,241.41,0.1,1207.05,120.7,1086.35,194.82
1328,460,19,3,825.94,0.0,2477.82,0.0,2477.82,679.69
1329,461,2,5,1363.08,0.15,6815.4,1022.31,5793.09,1075.23
1330,462,26,2,492.19,0.05,984.38,49.22,935.16,385.51
1331,462,5,5,381.81,0.15,1909.05,286.36,1622.69,270.22
1332,462,38,2,997.64,0.2,1995.28,399.06,1596.22,802.32
1333,462,14,5,1542.08,0.0,7710.4,0.0,7710.4,1211.09
1334,462,7,3,241.41,0.15,724.23,108.63,615.6,194.82
1335,463,37,3,740.97,0.15,2222.91,333.44,1889.47,530.68
1336,463,39,2,2038.45,0.0,4076.9,0.0,4076.9,1513.08
1337,463,29,2,1964.91,0.0,3929.82,0.0,3929.82,1380.58
1338,463,19,5,825.94,0.0,4129.7,0.0,4129.7,679.69
1339,464,32,4,712.51,0.2,2850.04,570.01,2280.03,501.4
1340,464,17,2,338.33,0.0,676.66,0.0,676.66,242.7
1341,464,3,2,1741.35,0.05,3482.7,174.13,3308.57,1409.31
1342,464,39,3,2038.45,0.05,6115.35,305.77,5809.58,1513.08
1343,464,20,3,2122.46,0.1,6367.38,636.74,5730.64,1580.72
1344,465,2,3,1363.08,0.05,4089.24,204.46,3884.78,1075.23
1345,465,38,5,997.64,0.0,4988.2,0.0,4988.2,802.32
1346,465,20,3,2122.46,0.0,6367.38,0.0,6367.38,1580.72
1347,465,23,3,222.91,0.15,668.73,100.31,568.42,162.2
1348,466,3,1,1741.35,0.05,1741.35,87.07,1654.28,1409.31
1349,466,11,2,2412.82,0.15,4825.64,723.85,4101.79,1721.82
1350,466,26,3,492.19,0.15,1476.57,221.49,1255.08,385.51
1351,466,11,5,2412.82,0.15,12064.1,1809.62,10254.48,1721.82
1352,467,14,5,1542.08,0.1,7710.4,771.04,6939.36,1211.09
1353,467,10,4,308.63,0.0,1234.52,0.0,1234.52,259.11
1354,467,31,5,360.74,0.1,1803.7,180.37,1623.33,262.76
1355,467,25,1,995.59,0.0,995.59,0.0,995.59,730.35
1356,468,39,1,2038.45,0.0,2038.45,0.0,2038.45,1513.08
1357,468,31,3,360.74,0.0,1082.22,0.0,1082.22,262.76
1358,468,25,3,995.59,0.05,2986.77,149.34,2837.43,730.35
1359,468,11,5,2412.82,0.05,12064.1,603.21,11460.89,1721.82
1360,468,33,3,945.76,0.15,2837.28,425.59,2411.69,662.78
1361,469,37,1,740.97,0.15,740.97,111.15,629.82,530.68
1362,469,9,5,145.72,0.1,728.6,72.86,655.74,120.34
1363,469,14,4,1542.08,0.1,6168.32,616.83,5551.49,1211.09
1364,469,35,5,1255.81,0.2,6279.05,1255.81,5023.24,944.57
1365,470,26,5,492.19,0.0,2460.95,0.0,2460.95,385.51
1366,470,26,4,492.19,0.1,1968.76,196.88,1771.88,385.51
1367,470,16,5,269.92,0.2,1349.6,269.92,1079.68,216.38
1368,470,11,1,2412.82,0.2,2412.82,482.56,1930.26,1721.82
1369,470,30,2,1801.14,0.2,3602.28,720.46,2881.82,1408.58
1370,471,12,4,568.55,0.15,2274.2,341.13,1933.07,438.54
1371,471,28,5,886.94,0.2,4434.7,886.94,3547.76,709.38
1372,471,14,4,1542.08,0.0,6168.32,0.0,6168.32,1211.09
1373,471,29,1,1964.91,0.05,1964.91,98.25,1866.66,1380.58
1374,471,4,4,412.83,0.0,1651.32,0.0,1651.32,340.04
1375,472,21,5,813.36,0.0,4066.8,0.0,4066.8,577.98
1376,472,20,3,2122.46,0.0,6367.38,0.0,6367.38,1580.72
1377,472,12,1,568.55,0.1,568.55,56.85,511.7,438.54
1378,472,28,2,886.94,0.1,1773.88,177.39,1596.49,709.38
1379,472,34,3,324.74,0.0,974.22,0.0,974.22,251.56
1380,473,21,2,813.36,0.15,1626.72,244.01,1382.71,577.98
1381,473,18,2,2383.15,0.0,4766.3,0.0,4766.3,1650.77
1382,473,20,2,2122.46,0.0,4244.92,0.0,4244.92,1580.72
1383,473,36,1,1462.33,0.0,1462.33,0.0,1462.33,1205.89
1384,474,35,5,1255.81,0.2,6279.05,1255.81,5023.24,944.57
1385,474,31,3,360.74,0.1,1082.22,108.22,974.0,262.76
1386,474,29,1,1964.91,0.05,1964.91,98.25,1866.66,1380.58
1387,474,7,5,241.41,0.2,1207.05,241.41,965.64,194.82
1388,474,9,3,145.72,0.0,437.16,0.0,437.16,120.34
1389,475,32,2,712.51,0.0,1425.02,0.0,1425.02,501.4
1390,476,36,4,1462.33,0.0,5849.32,0.0,5849.32,1205.89
1391,476,20,1,2122.46,0.15,2122.46,318.37,1804.09,1580.72
1392,476,13,3,211.85,0.05,635.55,31.78,603.77,179.14
1393,476,29,4,1964.91,0.0,7859.64,0.0,7859.64,1380.58
1394,476,2,3,1363.08,0.15,4089.24,613.39,3475.85,1075.23
1395,477,6,4,1713.65,0.05,6854.6,342.73,6511.87,1424.12
1396,477,25,2,995.59,0.0,1991.18,0.0,1991.18,730.35
1397,477,30,4,1801.14,0.2,7204.56,1440.91,5763.65,1408.58
1398,477,9,5,145.72,0.0,728.6,0.0,728.6,120.34
1399,477,14,4,1542.08,0.0,6168.32,0.0,6168.32,1211.09
1400,478,5,4,381.81,0.2,1527.24,305.45,1221.79,270.22
1401,478,6,5,1713.65,0.15,8568.25,1285.24,7283.01,1424.12
1402,478,30,4,1801.14,0.05,7204.56,360.23,6844.33,1408.58
1403,479,33,2,945.76,0.2,1891.52,378.3,1513.22,662.78
1404,479,8,1,2292.95,0.15,2292.95,343.94,1949.01,1687.79
1405,479,3,1,1741.35,0.0,1741.35,0.0,1741.35,1409.31
1406,479,29,1,1964.91,0.15,1964.91,294.74,1670.17,1380.58
1407,479,28,2,886.94,0.15,1773.88,266.08,1507.8,709.38
1408,480,39,1,2038.45,0.1,2038.45,203.85,1834.6,1513.08
1409,480,8,1,2292.95,0.2,2292.95,458.59,1834.36,1687.79
1410,480,20,1,2122.46,0.2,2122.46,424.49,1697.97,1580.72
1411,480,35,4,1255.81,0.05,5023.24,251.16,4772.08,944.57
1412,480,36,5,1462.33,0.05,7311.65,365.58,6946.07,1205.89
1413,481,3,1,1741.35,0.1,1741.35,174.13,1567.22,1409.31
1414,482,34,1,324.74,0.15,324.74,48.71,276.03,251.56
1415,482,23,5,222.91,0.0,1114.55,0.0,1114.55,162.2
1416,482,11,2,2412.82,0.0,4825.64,0.0,4825.64,1721.82
1417,483,35,5,1255.81,0.0,6279.05,0.0,6279.05,944.57
1418,483,11,3,2412.82,0.1,7238.46,723.85,6514.61,1721.82
1419,483,11,3,2412.82,0.1,7238.46,723.85,6514.61,1721.82
1420,484,20,3,2122.46,0.2,6367.38,1273.48,5093.9,1580.72
1421,485,39,3,2038.45,0.0,6115.35,0.0,6115.35,1513.08
1422,485,8,4,2292.95,0.05,9171.8,458.59,8713.21,1687.79
1423,485,17,1,338.33,0.2,338.33,67.67,270.66,242.7
1424,485,18,1,2383.15,0.0,2383.15,0.0,2383.15,1650.77
1425,486,17,2,338.33,0.05,676.66,33.83,642.83,242.7
1426,486,22,4,1087.89,0.0,4351.56,0.0,4351.56,921.33
1427,486,8,1,2292.95,0.15,2292.95,343.94,1949.01,1687.79
1428,487,24,5,980.61,0.0,4903.05,0.0,4903.05,811.6
1429,488,26,5,492.19,0.0,2460.95,0.0,2460.95,385.51
1430,488,11,5,2412.82,0.2,12064.1,2412.82,9651.28,1721.82
1431,488,3,2,1741.35,0.0,3482.7,0.0,3482.7,1409.31
1432,488,39,5,2038.45,0.2,10192.25,2038.45,8153.8,1513.08
1433,489,40,4,2115.73,0.15,8462.92,1269.44,7193.48,1510.42
1434,489,34,1,324.74,0.05,324.74,16.24,308.5,251.56
1435,489,34,1,324.74,0.1,324.74,32.47,292.27,251.56
1436,489,8,4,2292.95,0.2,9171.8,1834.36,7337.44,1687.79
1437,490,23,5,222.91,0.05,1114.55,55.73,1058.82,162.2
1438,490,35,3,1255.81,0.1,3767.43,376.74,3390.69,944.57
1439,490,15,1,1757.7,0.05,1757.7,87.89,1669.81,1470.08
1440,490,33,4,945.76,0.0,3783.04,0.0,3783.04,662.78
1441,490,3,2,1741.35,0.0,3482.7,0.0,3482.7,1409.31
1442,491,2,2,1363.08,0.15,2726.16,408.92,2317.24,1075.23
1443,491,7,3,241.41,0.0,724.23,0.0,724.23,194.82
1444,492,15,1,1757.7,0.2,1757.7,351.54,1406.16,1470.08
1445,492,23,5,222.91,0.05,1114.55,55.73,1058.82,162.2
1446,493,17,5,338.33,0.15,1691.65,253.75,1437.9,242.7
1447,493,23,2,222.91,0.0,445.82,0.0,445.82,162.2
1448,493,25,2,995.59,0.0,1991.18,0.0,1991.18,730.35
1449,493,4,4,412.83,0.0,1651.32,0.0,1651.32,340.04
1450,494,38,1,997.64,0.0,997.64,0.0,997.64,802.32
1451,495,3,3,1741.35,0.0,5224.05,0.0,5224.05,1409.31
1452,495,28,1,886.94,0.1,886.94,88.69,798.25,709.38
1453,495,13,4,211.85,0.1,847.4,84.74,762.66,179.14
1454,496,36,4,1462.33,0.0,5849.32,0.0,5849.32,1205.89
1455,497,16,1,269.92,0.0,269.92,0.0,269.92,216.38
1456,498,20,1,2122.46,0.0,2122.46,0.0,2122.46,1580.72
1457,498,38,4,997.64,0.0,3990.56,0.0,3990.56,802.32
1458,498,4,1,412.83,0.15,412.83,61.92,350.91,340.04
1459,498,15,1,1757.7,0.05,1757.7,87.89,1669.81,1470.08
1460,498,3,2,1741.35,0.15,3482.7,522.4,2960.3,1409.31
1461,499,22,1,1087.89,0.15,1087.89,163.18,924.71,921.33
1462,500,33,5,945.76,0.0,4728.8,0.0,4728.8,662.78
1463,500,30,3,1801.14,0.0,5403.42,0.0,5403.42,1408.58
1464,500,5,1,381.81,0.05,381.81,19.09,362.72,270.22
1465,500,32,5,712.51,0.0,3562.55,0.0,3562.55,501.4
1466,500,22,3,1087.89,0.0,3263.67,0.0,3263.67,921.33
