id_pedido,id_cliente,id_vendedor,data_pedido,status_pedido,qtd_itens,valor_bruto,valor_desconto,valor_liquido
1,17,7,2025-12-12 10:52:00,Faturado,2,1759.26,351.85,1407.41
2,22,13,2025-10-02 12:26:00,Aberto,3,4086.66,111.15,3975.51
3,25,15,2025-12-12 16:45:00,Faturado,5,7636.41,35.63,7600.78
4,25,7,2025-02-02 15:37:00,Entregue,4,16742.42,486.02,16256.4
5,7,14,2025-11-26 16:06:00,Faturado,4,14062.69,576.33,13486.36
6,34,5,2025-07-06 16:26:00,Faturado,2,7741.38,1548.28,6193.1
7,77,2,2025-09-24 17:42:00,Faturado,2,8791.15,588.37,8202.78
8,69,13,2025-11-28 12:53:00,Entregue,5,12888.46,723.53,12164.93
9,65,11,2025-10-21 14:08:00,Entregue,4,8249.25,707.44,7541.81
10,7,12,2025-05-01 09:46:00,Faturado,2,1597.87,92.59,1505.28
11,24,13,2025-10-13 11:32:00,Aberto,5,22058.85,1301.51,20757.34
12,54,12,2025-01-25 18:27:00,Faturado,3,10821.32,343.94,10477.38
13,30,1,2025-10-29 13:42:00,Faturado,4,11169.11,1525.05,9644.06
14,72,3,2025-04-16 08:07:00,Aberto,1,8153.8,815.38,7338.42
15,64,2,2025-08-04 14:45:00,Entregue,2,3424.5,0.0,3424.5
16,14,4,2025-07-03 16:24:00,Faturado,1,1961.22,0.0,1961.22
17,58,15,2025-08-05 18:41:00,Entregue,4,12922.06,466.17,12455.89
18,4,8,2025-11-07 10:07:00,Faturado,3,7612.4,1068.21,6544.19
19,5,10,2025-04-26 16:48:00,Faturado,2,6429.94,0.0,6429.94
20,43,8,2025-04-11 15:30:00,Entregue,4,18674.49,1871.14,16803.35
21,54,13,2025-01-30 10:44:00,Faturado,5,24677.89,809.54,23868.35
22,76,3,2025-03-28 13:44:00,Faturado,3,15681.26,2298.04,13383.22
23,7,13,2025-04-08 17:38:00,Cancelado,2,9600.02,227.42,9372.6
24,21,6,2025-06-20 17:42:00,Faturado,2,8651.35,171.37,8479.98
25,7,10,2025-02-18 16:33:00,Entregue,1,1489.34,0.0,1489.34
26,48,12,2025-08-19 10:37:00,Faturado,1,8462.92,0.0,8462.92
27,73,3,2025-11-04 10:58:00,Faturado,3,12469.31,0.0,12469.31
28,23,12,2025-02-18 12:40:00,Faturado,4,23109.42,1757.7,21351.72
29,2,11,2025-11-13 11:12:00,Entregue,1,3723.35,0.0,3723.35
30,65,2,2025-04-05 15:20:00,Faturado,3,5867.58,253.64,5613.94
31,45,6,2025-03-01 15:30:00,Cancelado,2,4373.58,0.0,4373.58
32,45,6,2025-02-22 08:41:00,Cancelado,4,8636.62,1193.31,7443.31
33,55,6,2025-12-12 16:15:00,Faturado,3,5570.8,946.76,4624.04
34,30,3,2025-04-26 18:38:00,Aberto,3,19781.85,0.0,19781.85
35,35,3,2025-01-12 12:08:00,Faturado,2,3055.25,341.13,2714.12
36,54,5,2025-01-29 14:36:00,Aberto,3,8001.67,98.06,7903.61
37,62,10,2025-05-23 15:34:00,Faturado,2,3008.4,246.9,2761.5
38,48,14,2025-11-15 17:58:00,Faturado,2,2139.51,301.83,1837.68
39,25,6,2025-05-30 18:59:00,Cancelado,2,1835.55,31.78,1803.77
40,25,11,2025-12-13 16:56:00,Cancelado,3,6396.9,0.0,6396.9
41,30,6,2025-02-09 13:40:00,Faturado,4,20542.29,1269.44,19272.85
42,57,10,2025-11-25 14:15:00,Entregue,2,4796.62,270.56,4526.06
43,47,3,2025-07-08 16:37:00,Faturado,5,8085.91,721.41,7364.5
44,32,7,2025-11-11 10:16:00,Faturado,5,15946.26,189.15,15757.11
45,9,9,2025-07-23 16:58:00,Aberto,4,10651.15,1057.55,9593.6
46,56,11,2025-01-20 10:48:00,Faturado,4,13172.49,1136.96,12035.53
47,32,8,2025-05-11 11:12:00,Faturado,1,1891.52,94.58,1796.94
48,64,12,2025-12-21 10:47:00,Faturado,5,20071.52,995.95,19075.57
49,35,13,2025-05-06 10:05:00,Entregue,1,539.84,0.0,539.84
50,66,15,2025-07-05 09:15:00,Faturado,1,2383.15,476.63,1906.52
51,60,14,2025-07-08 13:58:00,Entregue,5,5480.1,219.34,5260.76
52,73,3,2025-03-20 10:44:00,Entregue,5,17397.68,1421.17,15976.51
53,80,15,2025-08-26 18:08:00,Faturado,5,18784.21,938.81,17845.4
54,31,12,2025-05-08 15:25:00,Faturado,3,19657.13,2352.79,17304.34
55,62,15,2025-12-16 10:08:00,Faturado,4,19903.2,0.0,19903.2
56,73,12,2025-02-10 11:58:00,Faturado,5,15248.96,1507.88,13741.08
57,37,2,2025-03-09 13:11:00,Faturado,2,5391.5,595.74,4795.76
58,38,5,2025-08-13 14:10:00,Faturado,1,1079.68,0.0,1079.68
59,19,15,2025-07-06 12:53:00,Aberto,5,15219.47,1007.33,14212.14
60,12,4,2025-09-23 08:03:00,Faturado,4,10725.76,454.84,10270.92
61,69,3,2025-09-16 17:01:00,Faturado,3,11721.5,1692.58,10028.92
62,29,13,2025-03-14 09:49:00,Entregue,3,6339.82,0.0,6339.82
63,49,2,2025-04-24 11:54:00,Entregue,5,14201.77,1757.7,12444.07
64,34,7,2025-01-03 12:35:00,Entregue,1,3253.44,162.67,3090.77
65,20,12,2025-08-28 15:24:00,Entregue,1,886.94,0.0,886.94
66,53,3,2025-12-26 08:58:00,Entregue,1,5273.1,790.97,4482.13
67,69,3,2025-10-20 10:19:00,Faturado,5,12568.82,0.0,12568.82
68,37,5,2025-09-23 08:08:00,Aberto,5,21514.96,970.84,20544.12
69,44,5,2025-11-13 15:03:00,Faturado,1,847.4,0.0,847.4
70,71,6,2025-07-09 13:55:00,Cancelado,1,11464.75,0.0,11464.75
71,66,12,2025-06-17 12:12:00,Faturado,2,7361.27,790.24,6571.03
72,79,6,2025-12-18 15:48:00,Cancelado,4,4650.03,493.28,4156.75
73,36,5,2025-05-30 15:04:00,Faturado,2,3118.14,147.09,2971.05
74,56,1,2025-02-09 14:07:00,Entregue,2,9601.92,0.0,9601.92
75,21,13,2025-11-27 08:35:00,Faturado,3,12773.2,1521.95,11251.25
76,31,14,2025-03-13 14:59:00,Faturado,3,10683.19,423.15,10260.04
77,68,7,2025-12-14 15:52:00,Faturado,1,1757.7,263.65,1494.05
78,67,13,2025-07-19 11:13:00,Cancelado,1,4129.7,0.0,4129.7
79,70,15,2025-07-25 15:49:00,Faturado,3,13006.12,171.37,12834.75
80,46,2,2025-06-17 13:08:00,Entregue,4,22764.76,1410.25,21354.51
81,49,12,2025-04-05 14:26:00,Faturado,3,13114.3,1273.48,11840.82
82,26,13,2025-05-22 13:15:00,Faturado,2,5273.93,483.05,4790.88
83,58,1,2025-06-20 08:00:00,Faturado,4,4044.0,277.71,3766.29
84,79,7,2025-09-22 11:39:00,Cancelado,4,13049.3,1886.69,11162.61
85,16,4,2025-12-11 08:06:00,Entregue,1,3515.4,175.77,3339.63
86,7,1,2025-08-08 09:18:00,Aberto,5,17507.5,1927.73,15579.77
87,55,5,2025-02-05 08:50:00,Faturado,3,6132.34,29.14,6103.2
88,68,5,2025-04-08 14:28:00,Cancelado,5,10725.27,203.0,10522.27
89,17,4,2025-11-26 08:04:00,Faturado,4,13592.15,1535.54,12056.61
90,79,4,2025-12-16 17:14:00,Faturado,1,1527.24,229.09,1298.15
91,73,13,2025-12-27 09:42:00,Faturado,4,15203.43,1111.11,14092.32
92,77,13,2025-01-18 15:44:00,Faturado,4,9701.63,884.69,8816.94
93,59,11,2025-08-16 08:30:00,Faturado,2,7881.73,1278.48,6603.25
94,79,5,2025-06-21 13:45:00,Aberto,3,14359.28,2283.26,12076.02
95,24,15,2025-11-01 17:01:00,Entregue,3,7430.22,457.85,6972.37
96,69,5,2025-11-12 10:48:00,Cancelado,1,1082.22,0.0,1082.22
97,53,12,2025-10-10 13:09:00,Faturado,1,8462.92,1269.44,7193.48
98,74,4,2025-03-25 18:08:00,Aberto,4,24315.97,1986.94,22329.03
99,42,15,2025-11-03 11:41:00,Faturado,1,4129.7,619.45,3510.25
100,23,2,2025-04-28 12:42:00,Faturado,3,16994.93,1958.73,15036.2
101,52,2,2025-03-15 08:37:00,Faturado,2,2206.58,152.72,2053.86
102,26,7,2025-07-26 09:35:00,Entregue,4,8980.88,187.15,8793.73
103,65,8,2025-12-31 15:41:00,Faturado,3,21910.96,815.62,21095.34
104,5,1,2025-02-06 17:16:00,Faturado,1,4244.92,0.0,4244.92
105,27,12,2025-11-08 16:03:00,Faturado,1,5403.42,1080.68,4322.74
106,23,2,2025-07-09 15:58:00,Faturado,1,2175.78,326.37,1849.41
107,10,5,2025-03-01 11:20:00,Faturado,1,482.82,72.42,410.4
108,26,13,2025-08-26 17:27:00,Faturado,1,1349.6,0.0,1349.6
109,6,7,2025-03-13 18:55:00,Faturado,4,12021.43,463.49,11557.94
110,51,14,2025-06-10 13:03:00,Faturado,5,22235.31,2567.09,19668.22
111,64,5,2025-09-05 13:16:00,Faturado,4,8946.87,1335.86,7611.01
112,30,4,2025-10-24 10:59:00,Entregue,1,360.74,36.07,324.67
113,33,9,2025-03-13 18:46:00,Aberto,3,15751.43,0.0,15751.43
114,36,14,2025-09-12 08:36:00,Entregue,2,10097.69,458.59,9639.1
115,30,11,2025-11-27 11:36:00,Aberto,4,10330.0,1219.0,9111.0
116,39,3,2025-08-15 09:42:00,Entregue,5,5516.53,703.96,4812.57
117,9,10,2025-11-07 08:46:00,Faturado,2,2460.95,344.54,2116.41
118,69,5,2025-01-31 13:45:00,Entregue,2,2754.49,550.9,2203.59
119,28,10,2025-02-02 14:22:00,Faturado,2,15170.2,2014.82,13155.38
120,63,13,2025-01-23 14:07:00,Faturado,4,17740.09,366.01,17374.08
121,60,2,2025-04-29 08:55:00,Aberto,2,10973.04,0.0,10973.04
122,72,1,2025-08-09 11:11:00,Entregue,2,3316.54,0.0,3316.54
123,32,10,2025-10-27 13:15:00,Aberto,1,2837.28,0.0,2837.28
124,15,10,2025-01-18 11:30:00,Faturado,1,925.89,0.0,925.89
125,70,11,2025-08-04 15:13:00,Faturado,4,18029.42,2585.7,15443.72
126,16,9,2025-05-06 17:09:00,Faturado,4,12352.53,38.18,12314.35
127,73,11,2025-10-30 09:50:00,Cancelado,3,8184.38,785.96,7398.42
128,62,13,2025-03-15 16:25:00,Cancelado,4,9612.5,397.51,9214.99
129,76,12,2025-09-16 10:09:00,Faturado,5,20078.12,2203.73,17874.39
130,28,3,2025-03-31 09:13:00,Faturado,1,3929.82,392.98,3536.84
131,25,13,2025-04-22 17:31:00,Faturado,1,412.83,0.0,412.83
132,24,7,2025-09-12 10:10:00,Faturado,3,13821.94,980.61,12841.33
133,71,9,2025-09-23 16:32:00,Cancelado,4,15036.99,295.31,14741.68
134,1,11,2025-12-01 16:30:00,Faturado,5,17547.44,61.92,17485.52
135,38,8,2025-08-29 11:37:00,Faturado,4,4339.52,158.88,4180.64
136,78,13,2025-05-23 14:07:00,Faturado,5,15845.3,2185.68,13659.62
137,67,4,2025-06-13 14:10:00,Cancelado,2,2989.8,0.0,2989.8
138,53,14,2025-07-25 15:22:00,Faturado,4,14090.65,36.43,14054.22
139,52,11,2025-03-19 12:34:00,Faturado,1,1349.6,134.96,1214.64
140,79,7,2025-03-02 16:49:00,Aberto,3,10800.25,783.61,10016.64
141,4,5,2025-09-19 18:23:00,Faturado,2,7337.42,96.56,7240.86
142,39,8,2025-12-07 15:00:00,Faturado,5,3237.69,154.69,3083.0
143,15,7,2025-03-02 15:20:00,Aberto,4,11169.07,1208.97,9960.1
144,34,15,2025-04-30 09:49:00,Faturado,2,12264.18,0.0,12264.18
145,66,9,2025-12-06 10:59:00,Entregue,2,4821.57,37.23,4784.34
146,43,5,2025-12-15 08:37:00,Aberto,4,10085.32,1208.78,8876.54
147,64,2,2025-01-15 08:03:00,Faturado,1,1801.14,360.23,1440.91
148,49,1,2025-12-01 14:50:00,Faturado,2,8397.75,0.0,8397.75
149,19,7,2025-06-16 13:19:00,Cancelado,3,14386.54,1696.7,12689.84
150,13,7,2025-01-08 16:44:00,Faturado,2,5383.98,54.11,5329.87
151,30,4,2025-03-01 14:00:00,Faturado,3,8831.94,1002.33,7829.61
152,80,10,2025-12-04 17:55:00,Faturado,2,6080.42,503.14,5577.28
153,75,14,2025-12-23 12:37:00,Faturado,1,1542.08,231.31,1310.77
154,32,8,2025-06-15 13:12:00,Faturado,1,1425.02,71.25,1353.77
155,5,15,2025-03-28 11:11:00,Faturado,2,7446.7,1117.01,6329.69
156,49,9,2025-04-09 17:36:00,Faturado,4,8795.53,123.85,8671.68
157,59,8,2025-08-28 12:18:00,Faturado,1,8788.5,0.0,8788.5
158,38,3,2025-03-31 13:26:00,Faturado,3,13154.94,335.1,12819.84
159,36,15,2025-09-12 09:11:00,Entregue,2,8294.88,171.81,8123.07
160,12,4,2025-07-19 14:20:00,Entregue,5,5897.79,213.75,5684.04
161,37,1,2025-10-24 14:48:00,Entregue,4,13958.61,919.9,13038.71
162,77,11,2025-03-24 15:13:00,Faturado,2,5214.66,196.12,5018.54
163,14,13,2025-02-06 15:18:00,Entregue,3,7337.27,396.16,6941.11
164,24,12,2025-03-21 16:14:00,Aberto,1,4977.95,746.69,4231.26
165,15,1,2025-04-18 14:10:00,Faturado,5,21524.13,859.29,20664.84
166,46,1,2025-04-10 15:57:00,Faturado,5,12655.56,1391.34,11264.22
167,75,5,2025-01-20 17:41:00,Aberto,4,12681.28,886.8,11794.48
168,8,4,2025-08-21 15:21:00,Entregue,2,3976.18,0.0,3976.18
169,33,13,2025-04-23 17:46:00,Faturado,5,12597.82,1056.81,11541.01
170,68,3,2025-06-07 14:47:00,Faturado,3,20533.59,799.1,19734.49
171,32,1,2025-08-08 09:58:00,Faturado,2,4171.97,0.0,4171.97
172,39,4,2025-09-03 18:36:00,Cancelado,4,9967.51,676.35,9291.16
173,24,9,2025-04-03 15:13:00,Faturado,1,222.91,22.29,200.62
174,4,13,2025-01-02 10:18:00,Entregue,3,6659.79,158.93,6500.86
175,69,5,2025-12-02 15:52:00,Entregue,1,211.85,0.0,211.85
176,28,4,2025-11-27 16:14:00,Aberto,1,482.82,48.28,434.54
177,61,7,2025-12-16 11:34:00,Cancelado,1,8706.75,870.68,7836.07
178,22,8,2025-04-08 16:00:00,Aberto,5,18469.5,285.0,18184.5
179,44,5,2025-11-29 08:18:00,Faturado,5,25919.64,1518.27,24401.37
180,13,3,2025-06-11 10:28:00,Faturado,2,7517.92,67.48,7450.44
181,60,9,2025-04-22 12:16:00,Faturado,1,2963.88,592.78,2371.1
182,36,11,2025-09-17 13:56:00,Entregue,4,12230.45,1506.76,10723.69
183,38,12,2025-10-03 12:02:00,Faturado,2,5411.56,458.59,4952.97
184,16,11,2025-08-30 10:47:00,Faturado,5,26676.46,1582.83,25093.63
185,64,6,2025-02-21 14:15:00,Faturado,5,21580.64,963.98,20616.66
186,13,9,2025-09-28 10:57:00,Aberto,3,14009.47,2332.72,11676.75
187,63,3,2025-10-08 13:01:00,Faturado,4,12503.98,1230.42,11273.56
188,66,15,2025-01-13 16:52:00,Cancelado,1,617.26,61.73,555.53
189,58,12,2025-07-19 15:30:00,Faturado,4,12523.37,1057.25,11466.12
190,59,13,2025-10-04 12:41:00,Faturado,3,14437.11,848.98,13588.13
191,73,12,2025-01-31 14:58:00,Cancelado,5,17023.31,590.34,16432.97
192,52,5,2025-04-12 10:01:00,Entregue,2,6000.82,61.73,5939.09
193,73,5,2025-03-19 12:33:00,Entregue,1,10195.2,509.76,9685.44
194,20,15,2025-11-20 09:03:00,Faturado,1,1349.6,134.96,1214.64
195,33,2,2025-10-19 11:08:00,Cancelado,2,3705.61,522.4,3183.21
196,18,12,2025-02-20 16:59:00,Faturado,2,9327.02,340.77,8986.25
197,77,4,2025-03-13 11:07:00,Faturado,2,3626.46,314.36,3312.1
198,50,14,2025-04-10 10:02:00,Entregue,4,4667.96,403.27,4264.69
199,46,2,2025-01-06 09:41:00,Entregue,4,16819.24,2206.26,14612.98
200,13,1,2025-09-01 12:41:00,Faturado,3,9296.29,689.87,8606.42
201,48,7,2025-09-26 08:14:00,Entregue,5,27107.15,2822.04,24285.11
202,40,7,2025-03-03 09:04:00,Entregue,4,7086.25,816.39,6269.86
203,66,6,2025-10-12 15:28:00,Faturado,4,10992.1,1248.2,9743.9
204,28,8,2025-03-07 08:08:00,Aberto,5,17671.24,364.2,17307.04
205,27,3,2025-05-29 17:31:00,Aberto,2,4075.14,0.0,4075.14
206,16,2,2025-03-08 17:56:00,Entregue,1,740.97,0.0,740.97
207,10,12,2025-05-30 15:03:00,Entregue,2,2544.1,185.49,2358.61
208,58,6,2025-02-07 08:35:00,Entregue,5,17436.42,2688.05,14748.37
209,8,3,2025-10-14 12:30:00,Entregue,1,338.33,33.83,304.5
210,70,4,2025-10-10 14:13:00,Aberto,2,13496.01,1528.84,11967.17
211,56,1,2025-04-02 17:39:00,Cancelado,5,21011.47,1640.96,19370.51
212,9,12,2025-03-11 08:45:00,Entregue,2,5136.36,270.66,4865.7
213,76,5,2025-03-25 11:29:00,Faturado,3,26830.71,1191.58,25639.13
214,9,9,2025-04-21 12:12:00,Entregue,4,8821.2,29.14,8792.06
215,23,14,2025-04-01 13:03:00,Faturado,4,11197.33,1362.28,9835.05
216,54,4,2025-07-09 10:21:00,Faturado,1,2660.82,0.0,2660.82
217,21,1,2025-09-25 13:55:00,Faturado,4,14926.45,424.49,14501.96
218,31,8,2025-04-09 14:16:00,Faturado,1,2222.91,0.0,2222.91
219,14,14,2025-09-29 12:50:00,Cancelado,3,2979.93,385.71,2594.22
220,10,15,2025-09-14 16:18:00,Faturado,3,3005.19,388.86,2616.33
221,66,15,2025-04-27 15:55:00,Cancelado,2,2475.86,106.88,2368.98
222,10,6,2025-02-13 10:57:00,Cancelado,3,8426.69,588.52,7838.17
223,76,1,2025-11-11 08:12:00,Aberto,2,5598.04,0.0,5598.04
224,74,13,2025-07-02 11:57:00,Entregue,3,12833.26,167.18,12666.08
225,25,11,2025-05-01 12:43:00,Entregue,3,10937.7,1613.66,9324.04
226,76,4,2025-03-03 15:25:00,Cancelado,1,3990.56,798.11,3192.45
227,35,6,2025-02-26 09:05:00,Faturado,5,16637.31,417.31,16220.0
228,19,15,2025-06-27 12:58:00,Entregue,2,2818.69,50.75,2767.94
229,47,15,2025-02-08 08:53:00,Entregue,1,5273.1,263.66,5009.44
230,14,1,2025-06-24 10:44:00,Aberto,2,2288.27,41.3,2246.97
231,23,2,2025-04-21 14:14:00,Cancelado,5,16428.46,693.07,15735.39
232,37,4,2025-11-28 14:18:00,Faturado,5,11912.92,617.04,11295.88
233,4,7,2025-05-14 18:31:00,Faturado,2,1987.9,121.68,1866.22
234,20,6,2025-10-18 13:58:00,Faturado,2,15801.49,0.0,15801.49
235,51,15,2025-03-15 15:21:00,Faturado,1,1145.43,0.0,1145.43
236,1,4,2025-11-19 16:29:00,Entregue,4,13284.45,1511.93,11772.52
237,20,9,2025-02-18 13:04:00,Aberto,1,324.74,16.24,308.5
238,43,5,2025-05-27 11:45:00,Faturado,3,12733.64,0.0,12733.64
239,40,2,2025-10-26 09:24:00,Entregue,1,1651.32,0.0,1651.32
240,22,14,2025-04-25 15:34:00,Entregue,1,4076.9,0.0,4076.9
241,33,4,2025-03-28 18:29:00,Entregue,4,6167.92,468.2,5699.72
242,44,6,2025-11-05 17:59:00,Faturado,5,25555.3,949.55,24605.75
243,5,3,2025-06-01 09:34:00,Entregue,1,211.85,31.78,180.07
244,73,8,2025-07-14 08:24:00,Entregue,1,6279.05,1255.81,5023.24
245,55,13,2025-04-02 15:29:00,Faturado,5,15526.43,1662.52,13863.91
246,13,10,2025-03-26 08:08:00,Faturado,1,8156.16,0.0,8156.16
247,15,11,2025-03-02 08:59:00,Faturado,5,14003.91,996.71,13007.2
248,24,2,2025-08-20 09:09:00,Entregue,4,18955.52,1780.37,17175.15
249,27,3,2025-09-22 08:15:00,Faturado,2,8396.34,1679.26,6717.08
250,42,10,2025-05-03 16:47:00,Faturado,5,13179.64,1635.17,11544.47
251,61,8,2025-10-13 09:58:00,Faturado,3,20383.77,1834.5,18549.27
252,72,14,2025-11-21 17:58:00,Entregue,5,21985.43,1879.46,20105.97
253,22,15,2025-08-27 15:00:00,Faturado,3,23505.77,1232.23,22273.54
254,70,12,2025-12-07 18:30:00,Faturado,3,10312.03,691.48,9620.55
255,52,1,2025-03-10 10:17:00,Entregue,4,17039.28,2638.16,14401.12
256,52,14,2025-03-25 15:51:00,Faturado,3,6436.72,859.84,5576.88
257,4,14,2025-02-19 10:15:00,Entregue,1,4244.92,636.74,3608.18
258,10,6,2025-03-24 09:48:00,Faturado,4,6306.88,793.79,5513.09
259,61,15,2025-03-31 11:41:00,Entregue,4,15964.32,2110.13,13854.19
260,26,5,2025-09-23 08:09:00,Faturado,2,10377.95,1215.92,9162.03
261,14,3,2025-06-02 15:24:00,Cancelado,5,21519.79,902.41,20617.38
262,4,1,2025-10-25 10:52:00,Faturado,5,23836.95,1076.79,22760.16
263,38,12,2025-08-23 10:19:00,Aberto,2,2988.73,95.45,2893.28
264,29,13,2025-06-02 15:09:00,Faturado,3,6862.24,628.65,6233.59
265,13,10,2025-04-25 09:22:00,Faturado,5,30079.98,1428.15,28651.83
266,61,1,2025-02-09 18:26:00,Faturado,2,7252.15,454.84,6797.31
267,38,13,2025-04-06 16:14:00,Faturado,1,1059.25,0.0,1059.25
268,32,4,2025-03-15 09:12:00,Entregue,3,12308.04,1305.87,11002.17
269,61,2,2025-03-23 17:27:00,Faturado,3,15698.23,1467.49,14230.74
270,36,11,2025-04-06 16:37:00,Aberto,3,8048.0,606.25,7441.75
271,62,12,2025-06-14 15:58:00,Aberto,4,6929.73,731.89,6197.84
272,26,11,2025-12-11 17:38:00,Faturado,2,2702.19,442.37,2259.82
273,15,6,2025-03-14 18:47:00,Faturado,1,1114.55,0.0,1114.55
274,70,7,2025-12-17 14:34:00,Faturado,1,5452.32,1090.46,4361.86
275,13,1,2025-09-02 14:44:00,Faturado,3,9157.09,1202.55,7954.54
276,6,5,2025-01-08 12:55:00,Faturado,3,7410.53,498.82,6911.71
277,40,7,2025-09-04 17:44:00,Faturado,4,3333.33,187.98,3145.35
278,22,15,2025-04-15 12:54:00,Faturado,5,22558.85,2607.06,19951.79
279,66,12,2025-06-29 13:51:00,Faturado,5,19677.18,0.0,19677.18
280,5,14,2025-05-21 13:51:00,Faturado,2,2282.62,43.72,2238.9
281,56,2,2025-01-01 18:36:00,Faturado,1,891.64,0.0,891.64
282,54,7,2025-02-01 18:34:00,Faturado,2,5410.81,652.73,4758.08
283,73,2,2025-04-03 18:25:00,Cancelado,2,2578.88,26.99,2551.89
284,7,11,2025-04-04 12:58:00,Faturado,3,9177.37,1081.86,8095.51
285,68,5,2025-09-09 13:35:00,Faturado,1,145.72,21.86,123.86
286,66,4,2025-01-17 16:29:00,Entregue,4,6509.91,97.42,6412.49
287,65,12,2025-05-15 15:07:00,Entregue,5,23885.51,1686.91,22198.6
288,47,11,2025-09-01 18:51:00,Entregue,3,9096.08,378.3,8717.78
289,37,15,2025-12-22 15:08:00,Cancelado,1,1238.49,0.0,1238.49
290,22,12,2025-03-20 16:49:00,Faturado,2,5399.26,917.18,4482.08
291,63,12,2025-11-25 17:07:00,Entregue,5,7476.4,173.76,7302.64
292,42,13,2025-12-08 10:34:00,Faturado,4,14227.07,48.28,14178.79
293,37,2,2025-02-19 17:59:00,Entregue,3,12157.31,750.54,11406.77
294,34,6,2025-11-06 10:29:00,Faturado,1,241.41,36.21,205.2
295,57,14,2025-02-11 17:59:00,Entregue,3,11830.36,36.07,11794.29
296,3,14,2025-05-19 18:27:00,Aberto,3,5040.23,19.09,5021.14
297,12,6,2025-04-13 17:32:00,Aberto,1,4825.64,0.0,4825.64
298,78,11,2025-04-02 13:27:00,Faturado,5,18532.9,554.07,17978.83
299,33,11,2025-07-20 13:09:00,Faturado,3,5332.66,945.07,4387.59
300,28,3,2025-01-14 17:15:00,Faturado,5,24677.89,685.46,23992.43
301,55,8,2025-08-02 11:55:00,Faturado,1,1059.25,211.85,847.4
302,68,10,2025-03-10 17:01:00,Aberto,2,5611.64,619.45,4992.19
303,47,6,2025-12-27 13:54:00,Faturado,1,3547.76,0.0,3547.76
304,11,13,2025-01-05 08:01:00,Entregue,1,1145.43,57.27,1088.16
305,17,12,2025-05-06 10:19:00,Faturado,3,8729.53,108.79,8620.74
306,52,12,2025-10-24 17:23:00,Faturado,1,492.19,0.0,492.19
307,62,6,2025-09-13 08:04:00,Faturado,2,17071.1,0.0,17071.1
308,79,11,2025-07-21 14:48:00,Faturado,3,3091.39,271.32,2820.07
309,44,7,2025-12-19 13:18:00,Entregue,4,18320.84,3592.02,14728.82
310,67,11,2025-08-05 11:39:00,Entregue,1,4434.7,0.0,4434.7
311,35,6,2025-03-20 11:03:00,Cancelado,4,16363.71,1019.87,15343.84
312,5,8,2025-01-31 09:23:00,Entregue,3,14372.85,73.83,14299.02
313,65,6,2025-04-19 18:34:00,Faturado,2,7970.89,162.37,7808.52
314,79,8,2025-08-18 11:15:00,Entregue,2,5410.87,257.05,5153.82
315,19,9,2025-09-10 17:09:00,Aberto,5,10192.84,1345.38,8847.46
316,23,12,2025-08-04 13:47:00,Faturado,4,16913.54,178.13,16735.41
317,11,14,2025-09-18 10:26:00,Faturado,2,2013.78,138.88,1874.9
318,26,8,2025-06-22 08:34:00,Entregue,5,19658.25,1865.3,17792.95
319,16,9,2025-05-29 10:39:00,Entregue,2,6581.15,1233.66,5347.49
320,34,2,2025-08-12 16:27:00,Faturado,1,1462.33,219.35,1242.98
321,66,15,2025-02-04 12:10:00,Entregue,3,3401.27,454.46,2946.81
322,51,5,2025-08-14 18:14:00,Cancelado,5,20472.14,1061.6,19410.54
323,20,4,2025-01-23 12:03:00,Faturado,2,3013.51,414.33,2599.18
324,30,11,2025-12-13 15:44:00,Faturado,1,925.89,46.29,879.6
325,47,5,2025-09-29 17:45:00,Faturado,4,7309.72,1432.26,5877.46
326,25,11,2025-03-21 17:20:00,Faturado,5,12295.86,220.44,12075.42
327,30,4,2025-12-01 12:59:00,Cancelado,1,2137.53,0.0,2137.53
328,66,1,2025-06-26 11:52:00,Faturado,1,1961.22,0.0,1961.22
329,34,15,2025-10-02 11:52:00,Faturado,5,12316.79,579.62,11737.17
330,77,5,2025-11-12 16:42:00,Faturado,5,12878.18,723.5,12154.68
331,60,14,2025-08-28 10:28:00,Entregue,2,12710.55,1721.35,10989.2
332,5,12,2025-03-22 11:10:00,Entregue,5,17250.46,1907.61,15342.85
333,47,10,2025-04-16 17:18:00,Faturado,2,6312.97,357.47,5955.5
334,20,12,2025-09-22 16:57:00,Faturado,1,568.55,0.0,568.55
335,62,14,2025-05-22 15:13:00,Faturado,5,11359.24,1065.47,10293.77
336,39,4,2025-03-23 18:09:00,Faturado,3,15145.8,753.49,14392.31
337,69,13,2025-10-25 16:34:00,Entregue,3,6668.66,242.27,6426.39
338,1,5,2025-05-05 17:42:00,Faturado,2,2615.82,57.27,2558.55
339,74,5,2025-12-12 08:33:00,Faturado,3,3221.21,216.44,3004.77
340,74,3,2025-08-14 08:47:00,Faturado,5,19660.55,595.73,19064.82
341,40,6,2025-12-16 15:29:00,Faturado,5,14591.68,1704.5,12887.18
342,74,10,2025-06-16 16:47:00,Faturado,1,1082.22,216.44,865.78
343,33,9,2025-06-11 13:58:00,Entregue,1,3562.55,0.0,3562.55
344,18,4,2025-10-21 11:37:00,Entregue,2,5072.95,372.34,4700.61
345,65,13,2025-06-17 11:51:00,Aberto,3,8164.65,785.96,7378.69
346,66,13,2025-05-09 08:13:00,Faturado,3,20935.22,1717.33,19217.89
347,43,3,2025-05-23 11:28:00,Aberto,5,21848.49,609.24,21239.25
348,54,1,2025-06-01 14:52:00,Faturado,1,5140.95,771.14,4369.81
349,71,7,2025-01-02 16:22:00,Entregue,2,11008.56,1651.28,9357.28
350,48,14,2025-11-20 11:32:00,Aberto,5,10813.26,1177.1,9636.16
351,50,11,2025-07-15 11:44:00,Cancelado,5,16934.32,2217.99,14716.33
352,14,5,2025-01-14 11:31:00,Faturado,5,20252.29,480.0,19772.29
353,59,11,2025-12-19 15:54:00,Aberto,1,3922.44,0.0,3922.44
354,41,3,2025-12-30 15:20:00,Faturado,3,11116.45,0.0,11116.45
355,28,2,2025-04-16 13:37:00,Cancelado,1,1481.94,296.39,1185.55
356,1,3,2025-02-01 08:40:00,Faturado,4,17798.67,1436.75,16361.92
357,27,6,2025-08-19 18:20:00,Entregue,2,7599.2,54.11,7545.09
358,2,1,2025-12-04 13:43:00,Aberto,4,13434.12,398.24,13035.88
359,65,8,2025-05-08 16:26:00,Aberto,4,18598.07,523.78,18074.29
360,30,3,2025-10-22 13:35:00,Cancelado,5,21264.95,491.23,20773.72
361,51,6,2025-02-27 16:02:00,Faturado,5,19646.79,2957.13,16689.66
362,30,6,2025-08-08 08:45:00,Aberto,3,10452.24,628.19,9824.05
363,21,12,2025-12-22 08:36:00,Faturado,1,2115.73,0.0,2115.73
364,33,15,2025-12-30 15:54:00,Entregue,4,17140.0,357.47,16782.53
365,7,12,2025-03-11 15:52:00,Cancelado,4,17117.05,503.08,16613.97
366,24,10,2025-02-09 10:41:00,Faturado,3,21593.9,3041.18,18552.72
367,24,15,2025-06-12 12:56:00,Cancelado,3,11512.02,1713.65,9798.37
368,53,8,2025-07-02 17:16:00,Faturado,4,9109.95,1690.34,7419.61
369,40,11,2025-10-24 09:11:00,Aberto,4,10673.09,740.51,9932.58
370,19,14,2025-05-05 08:35:00,Entregue,2,6296.68,645.21,5651.47
371,60,12,2025-04-26 14:01:00,Entregue,5,13645.2,244.06,13401.14
372,73,13,2025-06-11 14:46:00,Faturado,1,1137.1,113.71,1023.39
373,21,13,2025-11-05 16:54:00,Entregue,1,740.97,111.15,629.82
374,19,10,2025-01-15 14:05:00,Entregue,4,7606.66,651.36,6955.3
375,7,3,2025-08-28 13:32:00,Entregue,1,1991.18,0.0,1991.18
376,34,12,2025-02-28 12:06:00,Faturado,3,17427.26,723.75,16703.51
377,48,6,2025-06-11 13:00:00,Cancelado,2,4757.97,33.44,4724.53
378,29,14,2025-02-08 16:33:00,Aberto,2,4794.06,868.75,3925.31
379,31,14,2025-09-29 16:09:00,Aberto,3,8725.05,0.0,8725.05
380,66,11,2025-06-02 18:15:00,Entregue,1,1691.65,84.58,1607.07
381,60,2,2025-02-23 12:29:00,Entregue,5,5942.1,628.5,5313.6
382,69,2,2025-07-12 18:41:00,Faturado,4,5052.26,0.0,5052.26
383,71,3,2025-09-29 12:01:00,Aberto,2,2022.05,100.31,1921.74
384,77,11,2025-09-11 13:07:00,Entregue,3,17886.97,846.29,17040.68
385,57,4,2025-05-09 13:25:00,Faturado,1,1349.6,202.44,1147.16
386,2,2,2025-06-15 16:08:00,Entregue,3,12085.57,1171.32,10914.25
387,47,7,2025-09-27 15:17:00,Faturado,4,19400.87,2601.71,16799.16
388,76,10,2025-09-01 13:44:00,Faturado,3,4735.38,562.12,4173.26
389,60,3,2025-07-01 12:16:00,Faturado,2,415.64,0.0,415.64
390,1,1,2025-10-20 12:13:00,Faturado,4,17486.26,1305.27,16180.99
391,9,6,2025-11-23 17:48:00,Faturado,5,16948.94,1891.22,15057.72
392,57,1,2025-12-27 15:03:00,Aberto,3,6771.68,406.68,6365.0
393,59,11,2025-01-28 10:51:00,Faturado,4,20718.76,2004.41,18714.35
394,36,3,2025-10-19 13:05:00,Faturado,5,10203.65,211.08,9992.57
395,70,12,2025-06-16 17:44:00,Aberto,2,8463.89,877.4,7586.49
396,53,8,2025-04-27 18:56:00,Entregue,1,1087.89,163.18,924.71
397,1,8,2025-05-02 15:20:00,Faturado,1,9532.6,0.0,9532.6
398,75,2,2025-01-04 09:49:00,Faturado,3,2873.81,463.3,2410.51
399,73,11,2025-01-05 09:00:00,Faturado,1,582.88,58.29,524.59
400,53,12,2025-11-21 08:06:00,Entregue,4,13523.45,436.62,13086.83
401,45,2,2025-12-31 15:54:00,Faturado,1,4766.3,476.63,4289.67
402,59,1,2025-05-27 12:37:00,Faturado,5,28434.7,3675.31,24759.39
403,10,3,2025-10-18 18:27:00,Aberto,1,4903.05,735.46,4167.59
404,66,8,2025-09-01 13:50:00,Cancelado,3,20171.79,3461.12,16710.67
405,17,5,2025-09-23 09:10:00,Faturado,1,1891.52,283.73,1607.79
406,7,2,2025-03-08 13:48:00,Entregue,2,6352.5,1034.06,5318.44
407,40,6,2025-04-22 14:31:00,Faturado,2,4407.91,0.0,4407.91
408,3,9,2025-05-02 12:14:00,Entregue,4,15959.42,1438.54,14520.88
409,9,6,2025-05-22 08:53:00,Faturado,5,15615.09,1359.31,14255.78
410,22,5,2025-01-08 10:30:00,Faturado,2,5478.81,0.0,5478.81
411,67,4,2025-08-02 09:34:00,Faturado,4,15304.56,723.73,14580.83
412,76,9,2025-01-21 17:44:00,Faturado,1,11464.75,0.0,11464.75
413,43,5,2025-12-03 10:09:00,Faturado,4,12751.21,467.7,12283.51
414,69,11,2025-02-08 12:54:00,Cancelado,3,12998.45,0.0,12998.45
415,16,4,2025-12-18 10:35:00,Faturado,3,4044.65,399.12,3645.53
416,33,7,2025-04-28 16:35:00,Entregue,5,6953.07,615.27,6337.8
417,40,7,2025-05-30 08:42:00,Faturado,5,8320.67,1052.91,7267.76
418,53,13,2025-07-09 15:26:00,Entregue,1,8462.92,423.15,8039.77
419,56,12,2025-09-02 15:54:00,Cancelado,4,10167.65,262.16,9905.49
420,66,4,2025-03-12 16:30:00,Faturado,2,9630.75,0.0,9630.75
421,53,8,2025-09-28 09:12:00,Faturado,2,3427.81,171.39,3256.42
422,4,10,2025-09-19 13:41:00,Aberto,2,8187.68,0.0,8187.68
423,64,6,2025-03-20 18:17:00,Entregue,5,14350.4,1107.97,13242.43
424,70,14,2025-11-22 14:01:00,Faturado,1,2412.82,0.0,2412.82
425,4,15,2025-11-24 16:25:00,Cancelado,3,10104.36,88.69,10015.67
426,65,15,2025-06-19 17:02:00,Faturado,5,18687.46,213.9,18473.56
427,67,6,2025-04-07 14:58:00,Aberto,5,24064.08,3941.59,20122.49
428,25,14,2025-08-14 08:00:00,Entregue,5,15152.85,717.84,14435.01
429,33,2,2025-05-08 12:30:00,Entregue,1,8153.8,0.0,8153.8
430,45,9,2025-10-25 09:20:00,Faturado,1,6878.85,0.0,6878.85
431,54,13,2025-09-16 12:58:00,Faturado,1,2115.73,0.0,2115.73
432,1,10,2025-03-28 15:04:00,Entregue,1,1757.7,0.0,1757.7
433,44,7,2025-07-29 12:44:00,Faturado,4,10876.72,1046.48,9830.24
434,42,11,2025-07-17 17:24:00,Faturado,1,7710.4,771.04,6939.36
435,73,6,2025-10-16 17:42:00,Faturado,2,2631.93,330.26,2301.67
436,67,4,2025-02-07 17:16:00,Faturado,1,744.67,37.23,707.44
437,17,7,2025-07-17 10:36:00,Aberto,4,12755.21,1149.39,11605.82
438,66,11,2025-06-15 17:12:00,Entregue,4,15229.1,272.79,14956.31
439,60,8,2025-04-11 13:26:00,Faturado,5,14165.79,1091.92,13073.87
440,63,10,2025-06-22 09:05:00,Faturado,4,18367.42,142.5,18224.92
441,41,11,2025-12-16 12:38:00,Faturado,1,7030.8,1406.16,5624.64
442,1,4,2025-01-19 13:44:00,Faturado,4,3679.96,481.62,3198.34
443,64,6,2025-04-08 13:18:00,Faturado,1,1964.91,0.0,1964.91
444,34,5,2025-02-20 15:09:00,Faturado,2,3208.01,64.95,3143.06
445,7,3,2025-09-07 17:27:00,Entregue,3,9125.39,381.92,8743.47
446,38,8,2025-01-20 17:52:00,Faturado,5,23015.69,4603.15,18412.54
447,37,4,2025-12-18 18:37:00,Entregue,3,15962.14,170.56,15791.58
448,34,4,2025-07-12 15:56:00,Entregue,3,5286.46,728.18,4558.28
449,80,12,2025-11-09 17:14:00,Entregue,4,15132.37,294.74,14837.63
450,16,10,2025-10-15 09:41:00,Entregue,4,9246.25,647.13,8599.12
451,52,6,2025-10-11 17:25:00,Faturado,4,20968.23,1874.14,19094.09
452,50,10,2025-07-02 13:12:00,Faturado,1,2726.16,0.0,2726.16
453,23,8,2025-10-11 18:13:00,Faturado,1,1713.65,0.0,1713.65
454,37,8,2025-01-23 16:17:00,Cancelado,1,1995.28,399.06,1596.22
455,60,1,2025-05-19 14:10:00,Aberto,4,19830.31,1523.42,18306.89
456,79,15,2025-04-10 15:37:00,Faturado,3,9909.44,1562.91,8346.53
457,21,6,2025-05-19 17:31:00,Entregue,5,12267.65,850.19,11417.46
458,50,1,2025-11-23 12:09:00,Entregue,3,11031.62,1730.53,9301.09
459,53,2,2025-10-15 12:18:00,Entregue,3,3399.91,50.75,3349.16
460,10,6,2025-04-05 18:16:00,Faturado,2,3684.87,120.7,3564.17
461,13,7,2025-10-12 14:56:00,Faturado,1,6815.4,1022.31,5793.09
462,67,15,2025-11-20 16:30:00,Aberto,5,13323.34,843.27,12480.07
463,55,15,2025-08-01 08:16:00,Faturado,4,14359.33,333.44,14025.89
464,36,2,2025-04-18 11:47:00,Entregue,5,19492.13,1686.65,17805.48
465,24,8,2025-05-02 17:20:00,Faturado,4,16113.55,304.77,15808.78
466,79,7,2025-10-28 09:12:00,Faturado,4,20107.66,2842.03,17265.63
467,46,12,2025-04-21 09:14:00,Aberto,4,11744.21,951.41,10792.8
468,9,4,2025-04-03 09:16:00,Faturado,5,21008.82,1178.14,19830.68
469,68,11,2025-08-24 15:17:00,Entregue,4,13916.94,2056.65,11860.29
470,3,12,2025-01-29 09:05:00,Cancelado,5,11794.41,1669.82,10124.59
471,16,2,2025-09-06 09:09:00,Faturado,5,16493.45,1326.32,15167.13
472,67,15,2025-11-25 08:21:00,Entregue,5,13750.83,234.24,13516.59
473,77,12,2025-07-27 15:01:00,Aberto,4,12100.27,244.01,11856.26
474,20,10,2025-10-03 14:10:00,Entregue,5,10970.39,1703.69,9266.7
475,34,4,2025-11-21 15:01:00,Faturado,1,1425.02,0.0,1425.02
476,61,14,2025-11-07 09:37:00,Entregue,5,20556.21,963.54,19592.67
477,35,4,2025-10-08 13:55:00,Aberto,5,22947.26,1783.64,21163.62
478,47,7,2025-05-25 13:07:00,Faturado,3,17300.05,1950.92,15349.13
479,18,12,2025-12-16 18:55:00,Entregue,5,9664.61,1283.06,8381.55
480,79,9,2025-05-03 12:18:00,Faturado,5,18788.75,1703.67,17085.08
481,9,13,2025-04-15 15:35:00,Faturado,1,1741.35,174.13,1567.22
482,67,2,2025-03-10 11:11:00,Faturado,3,6264.93,48.71,6216.22
483,1,6,2025-01-13 13:22:00,Faturado,3,20755.97,1447.7,19308.27
484,62,14,2025-09-02 13:55:00,Cancelado,1,6367.38,1273.48,5093.9
485,29,11,2025-09-21 17:09:00,Faturado,4,18008.63,526.26,17482.37
486,42,9,2025-06-22 17:36:00,Aberto,3,7321.17,377.77,6943.4
487,38,15,2025-04-18 16:03:00,Faturado,1,4903.05,0.0,4903.05
488,21,4,2025-06-04 13:06:00,Entregue,4,28200.0,4451.27,23748.73
489,74,13,2025-04-08 13:51:00,Faturado,4,18284.2,3152.51,15131.69
490,58,11,2025-10-24 10:34:00,Faturado,5,13905.42,520.36,13385.06
491,70,15,2025-10-19 12:05:00,Faturado,2,3450.39,408.92,3041.47
492,24,2,2025-07-05 18:12:00,Entregue,2,2872.25,407.27,2464.98
493,47,2,2025-10-16 09:19:00,Aberto,4,5779.97,253.75,5526.22
494,74,6,2025-02-08 14:16:00,Faturado,1,997.64,0.0,997.64
495,63,4,2025-02-04 14:46:00,Aberto,3,6958.39,173.43,6784.96
496,31,5,2025-10-23 15:16:00,Faturado,1,5849.32,0.0,5849.32
497,27,1,2025-01-06 15:53:00,Faturado,1,269.92,0.0,269.92
498,23,4,2025-10-01 16:59:00,Aberto,5,11766.25,672.21,11094.04
499,41,13,2025-09-01 10:30:00,Faturado,1,1087.89,163.18,924.71
500,32,11,2025-03-16 11:44:00,Entregue,5,17340.25,19.09,17321.16
50,66,15,2025-07-05 09:15:00,Faturado,1,2383.15,476.63,1906.52
